State_Name,Season,Crop,Area,Production
Andaman and Nicobar Islands,Autumn     ,Rice,8390,23916
Andaman and Nicobar Islands,Autumn     ,Sugarcane,155,1333
Andaman and Nicobar Islands,Kharif     ,Arecanut,8708,14500
Andaman and Nicobar Islands,Kharif     ,Other Kharif pulses,1090,649
Andaman and Nicobar Islands,Kharif     ,Rice,69325,199091
Andaman and Nicobar Islands,Rabi       ,Arecanut,4152,5800
Andaman and Nicobar Islands,Rabi       ,Arhar/Tur,315,104
Andaman and Nicobar Islands,Rabi       ,Black pepper,600,120
Andaman and Nicobar Islands,Rabi       ,Cashewnut,1100,310
Andaman and Nicobar Islands,Rabi       ,Dry chillies,394,575
Andaman and Nicobar Islands,Rabi       ,Dry ginger,211,1850
Andaman and Nicobar Islands,Rabi       ,Groundnut,21,15
Andaman and Nicobar Islands,Rabi       ,Maize,164,368
Andaman and Nicobar Islands,Rabi       ,Moong(Green Gram),1200,576
Andaman and Nicobar Islands,Rabi       ,Sunflower,4,3
Andaman and Nicobar Islands,Rabi       ,Sweet potato,163,923
Andaman and Nicobar Islands,Rabi       ,Turmeric,80,482
Andaman and Nicobar Islands,Rabi       ,Urad,1095,475
Andaman and Nicobar Islands,Whole Year ,Arecanut,21270,610240
Andaman and Nicobar Islands,Whole Year ,Banana,12146,97425
Andaman and Nicobar Islands,Whole Year ,Black pepper,3086,605
Andaman and Nicobar Islands,Whole Year ,Cashewnut,5172,1375
Andaman and Nicobar Islands,Whole Year ,Coconut ,190723,717790000
Andaman and Nicobar Islands,Whole Year ,Dry chillies,2203,585947
Andaman and Nicobar Islands,Whole Year ,Dry ginger,2619,10826
Andaman and Nicobar Islands,Whole Year ,Sugarcane,1351,29306
Andaman and Nicobar Islands,Whole Year ,Sweet potato,405,2143
Andaman and Nicobar Islands,Whole Year ,Tapioca,1080,7937
Andaman and Nicobar Islands,Whole Year ,Turmeric,173,1111
Andaman and Nicobar Islands,Whole Year ,other oilseeds,508,249
Andhra Pradesh,Kharif     ,Arecanut,1057,620
Andhra Pradesh,Kharif     ,Arhar/Tur,3342772,1527520
Andhra Pradesh,Kharif     ,Bajra,960338,1192328
Andhra Pradesh,Kharif     ,Brinjal,24590,303726
Andhra Pradesh,Kharif     ,Cabbage,2114,617119
Andhra Pradesh,Kharif     ,Cashewnut,355747,110702
Andhra Pradesh,Kharif     ,Castor seed,855183,1527483
Andhra Pradesh,Kharif     ,Coriander,1790,1135
Andhra Pradesh,Kharif     ,Cotton(lint),7403051,17834431
Andhra Pradesh,Kharif     ,Cowpea(Lobia),14239,5078
Andhra Pradesh,Kharif     ,Dry chillies,1697578,6291055
Andhra Pradesh,Kharif     ,Dry ginger,1451,5074
Andhra Pradesh,Kharif     ,Gram,311,433
Andhra Pradesh,Kharif     ,Grapes,893,22314
Andhra Pradesh,Kharif     ,Groundnut,22556146,13907262
Andhra Pradesh,Kharif     ,Horse-gram,117519,642907
Andhra Pradesh,Kharif     ,Jowar,548974,1503225
Andhra Pradesh,Kharif     ,Korra,156042,110939
Andhra Pradesh,Kharif     ,Lemon,75307,540994
Andhra Pradesh,Kharif     ,Linseed,1256,605
Andhra Pradesh,Kharif     ,Maize,935756,3093938
Andhra Pradesh,Kharif     ,Mango,752971,5940349
Andhra Pradesh,Kharif     ,Masoor,184379,65424
Andhra Pradesh,Kharif     ,Mesta,814263,7237785
Andhra Pradesh,Kharif     ,Moong(Green Gram),854665,2725629
Andhra Pradesh,Kharif     ,Niger seed,166248,1228764
Andhra Pradesh,Kharif     ,Onion,296820,4954112
Andhra Pradesh,Kharif     ,Other Kharif pulses,82160,3525058
Andhra Pradesh,Kharif     ,Papaya,14884,1376081
Andhra Pradesh,Kharif     ,Pome Granet,5018,66334
Andhra Pradesh,Kharif     ,Potato,618,10148
Andhra Pradesh,Kharif     ,Ragi,863836,905062
Andhra Pradesh,Kharif     ,Rice,29798906,79974717
Andhra Pradesh,Kharif     ,Safflower,85,37
Andhra Pradesh,Kharif     ,Samai,139836,64425
Andhra Pradesh,Kharif     ,Sapota,27145,280427
Andhra Pradesh,Kharif     ,Sesamum,870772,1925743
Andhra Pradesh,Kharif     ,Small millets,561988,921981
Andhra Pradesh,Kharif     ,Soyabean,20226,604963
Andhra Pradesh,Kharif     ,Sugarcane,598821,45032418
Andhra Pradesh,Kharif     ,Sunflower,2143150,2030249
Andhra Pradesh,Kharif     ,Sweet potato,301,3001
Andhra Pradesh,Kharif     ,Tapioca,22207,408920
Andhra Pradesh,Kharif     ,Tobacco,192671,216519
Andhra Pradesh,Kharif     ,Tomato,64615,1398383
Andhra Pradesh,Kharif     ,Turmeric,52357,446506
Andhra Pradesh,Kharif     ,Urad,339400,1319781
Andhra Pradesh,Kharif     ,Varagu,7,5
Andhra Pradesh,Kharif     ,other misc. pulses,4140,1382
Andhra Pradesh,Kharif     ,other oilseeds,213917,3578058
Andhra Pradesh,Rabi       ,Arhar/Tur,37626,22435
Andhra Pradesh,Rabi       ,Bajra,46856,655885
Andhra Pradesh,Rabi       ,Brinjal,19332,248154
Andhra Pradesh,Rabi       ,Cabbage,2376,37504
Andhra Pradesh,Rabi       ,Castor seed,8465,589438
Andhra Pradesh,Rabi       ,Coriander,55471,29915
Andhra Pradesh,Rabi       ,Cotton(lint),18385,47645
Andhra Pradesh,Rabi       ,Cowpea(Lobia),31589,30449
Andhra Pradesh,Rabi       ,Dry chillies,407520,1168344
Andhra Pradesh,Rabi       ,Dry ginger,37,111
Andhra Pradesh,Rabi       ,Gram,6381131,7502444
Andhra Pradesh,Rabi       ,Groundnut,2239696,4478099
Andhra Pradesh,Rabi       ,Horse-gram,794946,1506472
Andhra Pradesh,Rabi       ,Jowar,2038497,3354891
Andhra Pradesh,Rabi       ,Korra,536,444
Andhra Pradesh,Rabi       ,Linseed,2123,583129
Andhra Pradesh,Rabi       ,Maize,2046914,15433441
Andhra Pradesh,Rabi       ,Masoor,2401,1003
Andhra Pradesh,Rabi       ,Mesta,208,1724
Andhra Pradesh,Rabi       ,Moong(Green Gram),2262056,934769
Andhra Pradesh,Rabi       ,Niger seed,24440,12672
Andhra Pradesh,Rabi       ,Onion,73966,1447889
Andhra Pradesh,Rabi       ,Other  Rabi pulses,49089,38821
Andhra Pradesh,Rabi       ,Other Kharif pulses,9762,12682
Andhra Pradesh,Rabi       ,Papaya,1690,181414
Andhra Pradesh,Rabi       ,Potato,1968,32187
Andhra Pradesh,Rabi       ,Ragi,152424,254427
Andhra Pradesh,Rabi       ,Rapeseed &Mustard,63209,4131005
Andhra Pradesh,Rabi       ,Rice,14355450,55312154
Andhra Pradesh,Rabi       ,Safflower,29095,1173844
Andhra Pradesh,Rabi       ,Samai,86,55
Andhra Pradesh,Rabi       ,Sesamum,521350,1880751
Andhra Pradesh,Rabi       ,Small millets,16180,12832
Andhra Pradesh,Rabi       ,Soyabean,351,583073
Andhra Pradesh,Rabi       ,Sunflower,877449,650469
Andhra Pradesh,Rabi       ,Sweet potato,1940,19734
Andhra Pradesh,Rabi       ,Tobacco,398230,846951
Andhra Pradesh,Rabi       ,Tomato,48084,947277
Andhra Pradesh,Rabi       ,Turmeric,104,630
Andhra Pradesh,Rabi       ,Urad,6701112,4442049
Andhra Pradesh,Rabi       ,Varagu,9302,6350
Andhra Pradesh,Rabi       ,Wheat,15967,2340360
Andhra Pradesh,Rabi       ,other misc. pulses,330,44
Andhra Pradesh,Rabi       ,other oilseeds,28964,6424845
Andhra Pradesh,Whole Year ,Arecanut,3430,585668
Andhra Pradesh,Whole Year ,Banana,587709,15041631
Andhra Pradesh,Whole Year ,Beans & Mutter(Vegetable),12373,70041
Andhra Pradesh,Whole Year ,Bhindi,26353,199605
Andhra Pradesh,Whole Year ,Bottle Gourd,1474,0
Andhra Pradesh,Whole Year ,Brinjal,29240,463200
Andhra Pradesh,Whole Year ,Cabbage,2397,0
Andhra Pradesh,Whole Year ,Cashewnut,1623048,408463
Andhra Pradesh,Whole Year ,Castor seed,48883,25783
Andhra Pradesh,Whole Year ,Citrus Fruit,76814,456274
Andhra Pradesh,Whole Year ,Coconut ,1332907,16806002260
Andhra Pradesh,Whole Year ,Coriander,330144,135326
Andhra Pradesh,Whole Year ,Cucumber,6970,0
Andhra Pradesh,Whole Year ,Dry chillies,147150,262156
Andhra Pradesh,Whole Year ,Dry ginger,11230,29653
Andhra Pradesh,Whole Year ,Garlic,11,23
Andhra Pradesh,Whole Year ,Ginger,750,3003
Andhra Pradesh,Whole Year ,Grapes,301,5420
Andhra Pradesh,Whole Year ,Linseed,473,228
Andhra Pradesh,Whole Year ,Mango,500949,2313570
Andhra Pradesh,Whole Year ,Onion,22301,316617
Andhra Pradesh,Whole Year ,Orange,67138,955677
Andhra Pradesh,Whole Year ,Other Fresh Fruits,26131,60327
Andhra Pradesh,Whole Year ,Other Vegetables,45446,0
Andhra Pradesh,Whole Year ,Papaya,9961,1143326
Andhra Pradesh,Whole Year ,Peas  (vegetable),6,0
Andhra Pradesh,Whole Year ,Pome Fruit,11800,251433
Andhra Pradesh,Whole Year ,Potato,17228,174114
Andhra Pradesh,Whole Year ,Rice,2393955,8455584
Andhra Pradesh,Whole Year ,Safflower,215,120
Andhra Pradesh,Whole Year ,Sannhamp,4734,2912518
Andhra Pradesh,Whole Year ,Sugarcane,2349851,181697887
Andhra Pradesh,Whole Year ,Sunflower,1687967,1150575
Andhra Pradesh,Whole Year ,Sweet potato,12835,718435
Andhra Pradesh,Whole Year ,Tapioca,180517,1562565
Andhra Pradesh,Whole Year ,Tobacco,1774181,3214481
Andhra Pradesh,Whole Year ,Tomato,109935,1020869
Andhra Pradesh,Whole Year ,Turmeric,167062,1120998
Andhra Pradesh,Whole Year ,Wheat,348,249
Andhra Pradesh,Whole Year ,other fibres,6400,0
Arunachal Pradesh,Kharif     ,Maize,751806,1058829
Arunachal Pradesh,Kharif     ,Rice,2209673,2709477
Arunachal Pradesh,Kharif     ,Sesamum,2705,1568
Arunachal Pradesh,Kharif     ,Small millets,387454,364265
Arunachal Pradesh,Kharif     ,Soyabean,5065,6465
Arunachal Pradesh,Kharif     ,Sunflower,883,425
Arunachal Pradesh,Rabi       ,Groundnut,1405,1202
Arunachal Pradesh,Rabi       ,Rapeseed &Mustard,41131,38730
Arunachal Pradesh,Rabi       ,Sugarcane,681,15806
Arunachal Pradesh,Rabi       ,Wheat,67142,102145
Arunachal Pradesh,Whole Year ,Dry chillies,34044,59559
Arunachal Pradesh,Whole Year ,Dry ginger,96647,739471
Arunachal Pradesh,Whole Year ,Oilseeds total,626828,705464
Arunachal Pradesh,Whole Year ,Potato,76510,578571
Arunachal Pradesh,Whole Year ,Pulses total,33452,35498
Arunachal Pradesh,Whole Year ,Sugarcane,19597,368833
Arunachal Pradesh,Whole Year ,Turmeric,9323,620109
Assam,Autumn     ,Paddy,934184,1221893
Assam,Autumn     ,Rice,7202327,7008303
Assam,Kharif     ,Arhar/Tur,118404,87741
Assam,Kharif     ,Castor seed,22931,9727
Assam,Kharif     ,Cotton(lint),26519,1759852
Assam,Kharif     ,Jute,1207168,11789532
Assam,Kharif     ,Maize,347592,389382
Assam,Kharif     ,Mesta,90699,468192
Assam,Kharif     ,Niger seed,143492,75299
Assam,Kharif     ,Orange,62817,743297
Assam,Kharif     ,Papaya,30083,600334
Assam,Kharif     ,Sesamum,225446,131973
Assam,Kharif     ,Small millets,133579,69650
Assam,Kharif     ,Sugarcane,31318,1287451
Assam,Kharif     ,Tapioca,14170,117319
Assam,Kharif     ,Tobacco,1139,612
Assam,Rabi       ,Arecanut,273011,274629
Assam,Rabi       ,Banana,92608,1275249
Assam,Rabi       ,Black pepper,14226,22720
Assam,Rabi       ,Blackgram,39723,23058
Assam,Rabi       ,Dry chillies,77020,61399
Assam,Rabi       ,Ginger,65264,518074
Assam,Rabi       ,Gram,39133,603829
Assam,Rabi       ,Linseed,149922,79976
Assam,Rabi       ,Masoor,323708,183726
Assam,Rabi       ,Moong(Green Gram),120068,62473
Assam,Rabi       ,Other  Rabi pulses,842651,459291
Assam,Rabi       ,Peas & beans (Pulses),333013,220368
Assam,Rabi       ,Pineapple,60893,1027864
Assam,Rabi       ,Rapeseed &Mustard,4663742,2495723
Assam,Rabi       ,Sweet potato,25094,115095
Assam,Rabi       ,Urad,609765,338637
Assam,Rabi       ,Wheat,1045627,1218370
Assam,Rabi       ,other misc. pulses,11426,6672
Assam,Summer     ,Paddy,1209105,3493976
Assam,Summer     ,Rice,6008936,13677048
Assam,Whole Year ,Arecanut,857394,735894
Assam,Whole Year ,Banana,719669,10449137
Assam,Whole Year ,Black pepper,12224,18343
Assam,Whole Year ,Coconut ,322687,1954408105
Assam,Whole Year ,Dry chillies,215296,140663
Assam,Whole Year ,Dry ginger,62910,431432
Assam,Whole Year ,Niger seed,9914,5076
Assam,Whole Year ,Onion,132206,348590
Assam,Whole Year ,Orange,13346,149577
Assam,Whole Year ,Papaya,14120,205733
Assam,Whole Year ,Pineapple,28338,433460
Assam,Whole Year ,Potato,1480254,11021521
Assam,Whole Year ,Sesamum,15765,8257
Assam,Whole Year ,Sugarcane,465732,17558543
Assam,Whole Year ,Sweet potato,110960,386214
Assam,Whole Year ,Tapioca,38056,180478
Assam,Whole Year ,Tobacco,11649,1170750
Assam,Whole Year ,Turmeric,234725,180527
Assam,Winter     ,Paddy,7496504,14380008
Assam,Winter     ,Rice,31540206,51115739
Bihar,Autumn     ,Maize,2556474,5541691
Bihar,Autumn     ,Rice,13399415,18663749
Bihar,Kharif     ,Arhar/Tur,593134,817139
Bihar,Kharif     ,Bajra,49666,633693
Bihar,Kharif     ,Blackgram,25116,18601
Bihar,Kharif     ,Castor seed,3531,3137
Bihar,Kharif     ,Cotton(lint),243,488
Bihar,Kharif     ,Dry ginger,4562,6689
Bihar,Kharif     ,Groundnut,9819,7544
Bihar,Kharif     ,Horse-gram,157216,132808
Bihar,Kharif     ,Jowar,72621,83110
Bihar,Kharif     ,Jute,2388886,20300657
Bihar,Kharif     ,Maize,2184789,3306246
Bihar,Kharif     ,Mesta,344732,2842240
Bihar,Kharif     ,Moong(Green Gram),139361,1252905
Bihar,Kharif     ,Niger seed,993,615
Bihar,Kharif     ,Other Kharif pulses,101229,1814001
Bihar,Kharif     ,Potato,60334,452453
Bihar,Kharif     ,Ragi,247327,225944
Bihar,Kharif     ,Rice,1448640,1999797
Bihar,Kharif     ,Safflower,352,283
Bihar,Kharif     ,Sannhamp,15909,37676
Bihar,Kharif     ,Sesamum,53940,621692
Bihar,Kharif     ,Small millets,99594,74144
Bihar,Kharif     ,Sunflower,134632,162533
Bihar,Kharif     ,Sweet potato,2437,33058
Bihar,Kharif     ,Urad,356561,862234
Bihar,Rabi       ,Barley,291610,346454
Bihar,Rabi       ,Gram,1245963,1255222
Bihar,Rabi       ,Khesari,1683561,1528910
Bihar,Rabi       ,Linseed,556245,415119
Bihar,Rabi       ,Maize,3808945,13001996
Bihar,Rabi       ,Masoor,2678615,2435684
Bihar,Rabi       ,Moong(Green Gram),375338,792279
Bihar,Rabi       ,Other  Rabi pulses,594939,500448
Bihar,Rabi       ,Peas & beans (Pulses),353043,338196
Bihar,Rabi       ,Potato,91591,488043
Bihar,Rabi       ,Rapeseed &Mustard,1596628,2171966
Bihar,Rabi       ,Safflower,5131,3749
Bihar,Rabi       ,Sunflower,174226,234675
Bihar,Rabi       ,Sweet potato,1324,19474
Bihar,Rabi       ,Tobacco,20546,14752
Bihar,Rabi       ,Wheat,37853724,81020206
Bihar,Summer     ,Maize,3079838,10382896
Bihar,Summer     ,Moong(Green Gram),2093801,1200433
Bihar,Summer     ,Rice,2441924,4096423
Bihar,Whole Year ,Banana,162306,2884412
Bihar,Whole Year ,Coriander,24571,14971
Bihar,Whole Year ,Dry chillies,41958,40508
Bihar,Whole Year ,Dry ginger,2356,3453
Bihar,Whole Year ,Garlic,27533,39513
Bihar,Whole Year ,Onion,167827,1538998
Bihar,Whole Year ,Potato,1424910,13095023
Bihar,Whole Year ,Ragi,31664,28348
Bihar,Whole Year ,Sannhamp,20362,14447
Bihar,Whole Year ,Sugarcane,2239010,106227183
Bihar,Whole Year ,Sweet potato,54764,712906
Bihar,Whole Year ,Tobacco,199574,269700
Bihar,Whole Year ,Turmeric,33267,34168
Bihar,Winter     ,Rice,40443424,67845457
Chandigarh,Kharif     ,Arhar/Tur,108,582592
Chandigarh,Kharif     ,Maize,1640,4225
Chandigarh,Kharif     ,Moong(Green Gram),7,7
Chandigarh,Kharif     ,Rice,850,3853
Chandigarh,Kharif     ,Urad,57,51
Chandigarh,Rabi       ,Gram,7,7
Chandigarh,Rabi       ,Masoor,25,33
Chandigarh,Rabi       ,Rapeseed &Mustard,400,521
Chandigarh,Rabi       ,Sunflower,10,28
Chandigarh,Rabi       ,Wheat,8730,39465
Chandigarh,Whole Year ,Onion,105,1884
Chandigarh,Whole Year ,Potato,583,13795
Chhattisgarh,Kharif     ,Arhar/Tur,784638,1559929
Chhattisgarh,Kharif     ,Bajra,1388,1748119
Chhattisgarh,Kharif     ,Castor seed,1328,6990471
Chhattisgarh,Kharif     ,Coconut ,77,2330014
Chhattisgarh,Kharif     ,Cotton(lint),1470,2332050
Chhattisgarh,Kharif     ,Groundnut,476897,2332585
Chhattisgarh,Kharif     ,Guar seed,26,21
Chhattisgarh,Kharif     ,Horse-gram,761705,2562627
Chhattisgarh,Kharif     ,Jowar,93338,1830009
Chhattisgarh,Kharif     ,Jute,1568,19222614
Chhattisgarh,Kharif     ,Maize,1558623,3515949
Chhattisgarh,Kharif     ,Mesta,18727,1783418
Chhattisgarh,Kharif     ,Moong(Green Gram),140094,2368576
Chhattisgarh,Kharif     ,Niger seed,1053997,9503723
Chhattisgarh,Kharif     ,Other Kharif pulses,107509,9929323
Chhattisgarh,Kharif     ,Potato,11643,2972263
Chhattisgarh,Kharif     ,Ragi,129728,3529306
Chhattisgarh,Kharif     ,Rice,58342528,82663625
Chhattisgarh,Kharif     ,Sannhamp,2872,2330934
Chhattisgarh,Kharif     ,Sesamum,322356,1263613
Chhattisgarh,Kharif     ,Small millets,3002886,623629
Chhattisgarh,Kharif     ,Soyabean,951764,3817722
Chhattisgarh,Kharif     ,Sugarcane,44097,2129180
Chhattisgarh,Kharif     ,Sunflower,64639,11671926
Chhattisgarh,Kharif     ,Urad,1597071,1634145
Chhattisgarh,Rabi       ,Barley,51043,625709
Chhattisgarh,Rabi       ,Castor seed,93,582534
Chhattisgarh,Rabi       ,Coriander,17,9
Chhattisgarh,Rabi       ,Garlic,41,240
Chhattisgarh,Rabi       ,Gram,3503703,5875872
Chhattisgarh,Rabi       ,Horse-gram,26886,4667637
Chhattisgarh,Rabi       ,Jute,344,3495021
Chhattisgarh,Rabi       ,Khesari,5626182,3999299
Chhattisgarh,Rabi       ,Linseed,817442,1981355
Chhattisgarh,Rabi       ,Maize,33,117
Chhattisgarh,Rabi       ,Masoor,244752,660819
Chhattisgarh,Rabi       ,Moong(Green Gram),101244,6430922
Chhattisgarh,Rabi       ,Onion,87,1769
Chhattisgarh,Rabi       ,Other  Rabi pulses,31656,20978348
Chhattisgarh,Rabi       ,Peas & beans (Pulses),216868,3572414
Chhattisgarh,Rabi       ,Potato,71636,366027
Chhattisgarh,Rabi       ,Rapeseed &Mustard,763837,1478669
Chhattisgarh,Rabi       ,Safflower,11520,7575527
Chhattisgarh,Rabi       ,Urad,72655,4095409
Chhattisgarh,Rabi       ,Wheat,1483193,2839127
Chhattisgarh,Rabi       ,other misc. pulses,41,0
Chhattisgarh,Summer     ,Maize,127,233
Chhattisgarh,Summer     ,Moong(Green Gram),1,582504
Chhattisgarh,Summer     ,Onion,90,1211
Chhattisgarh,Summer     ,Sunflower,31,50
Chhattisgarh,Whole Year ,Bajra,176,125
Chhattisgarh,Whole Year ,Banana,7943,3206674
Chhattisgarh,Whole Year ,Coconut ,257,11650069
Chhattisgarh,Whole Year ,Coriander,50690,3509093
Chhattisgarh,Whole Year ,Cotton(lint),126,1747656
Chhattisgarh,Whole Year ,Dry chillies,95185,1222829
Chhattisgarh,Whole Year ,Dry ginger,25934,2358162
Chhattisgarh,Whole Year ,Garlic,14503,621951
Chhattisgarh,Whole Year ,Jowar,10153,7550
Chhattisgarh,Whole Year ,Onion,69240,1590304
Chhattisgarh,Whole Year ,Papaya,256,10187
Chhattisgarh,Whole Year ,Potato,83420,448294
Chhattisgarh,Whole Year ,Sannhamp,20287,8746407
Chhattisgarh,Whole Year ,Sugarcane,111441,4448301
Chhattisgarh,Whole Year ,Sweet potato,41333,2558851
Chhattisgarh,Whole Year ,Tobacco,425,2912745
Chhattisgarh,Whole Year ,Turmeric,13804,4089813
Dadra and Nagar Haveli,Kharif     ,Arhar/Tur,21238,19438
Dadra and Nagar Haveli,Kharif     ,Banana,617,3028
Dadra and Nagar Haveli,Kharif     ,Coconut ,1640,117288
Dadra and Nagar Haveli,Kharif     ,Groundnut,206,205
Dadra and Nagar Haveli,Kharif     ,Jowar,8384,7771
Dadra and Nagar Haveli,Kharif     ,Maize,923,920
Dadra and Nagar Haveli,Kharif     ,Niger seed,2058,2183
Dadra and Nagar Haveli,Kharif     ,Other Kharif pulses,12403,11739
Dadra and Nagar Haveli,Kharif     ,Ragi,23638,31087
Dadra and Nagar Haveli,Kharif     ,Rice,221414,434657
Dadra and Nagar Haveli,Kharif     ,Sannhamp,417,248
Dadra and Nagar Haveli,Kharif     ,Small millets,3504,3289
Dadra and Nagar Haveli,Kharif     ,Urad,9714,8977
Dadra and Nagar Haveli,Rabi       ,Banana,60,1500
Dadra and Nagar Haveli,Rabi       ,Gram,80,80
Dadra and Nagar Haveli,Rabi       ,Maize,39,40
Dadra and Nagar Haveli,Rabi       ,Other  Rabi pulses,52680,47987
Dadra and Nagar Haveli,Rabi       ,Rice,9568,20208
Dadra and Nagar Haveli,Winter     ,Arhar/Tur,774,630
Dadra and Nagar Haveli,Winter     ,Banana,14,280
Dadra and Nagar Haveli,Winter     ,Coriander,5,4
Dadra and Nagar Haveli,Winter     ,Gram,2694,2317
Dadra and Nagar Haveli,Winter     ,Maize,140,140
Dadra and Nagar Haveli,Winter     ,Niger seed,180,195
Dadra and Nagar Haveli,Winter     ,Rapeseed &Mustard,56,56
Dadra and Nagar Haveli,Winter     ,Sannhamp,384,275
Dadra and Nagar Haveli,Winter     ,Sesamum,204,194
Dadra and Nagar Haveli,Winter     ,Sugarcane,14456,1115995
Dadra and Nagar Haveli,Winter     ,Sunflower,10,6
Dadra and Nagar Haveli,Winter     ,Wheat,9015,17134
Goa,Kharif     ,Groundnut,16632,615435
Goa,Kharif     ,Other Kharif pulses,2742,1485
Goa,Kharif     ,Ragi,1971,1957
Goa,Kharif     ,Rice,439072,1115473
Goa,Rabi       ,Groundnut,18450,45484
Goa,Rabi       ,Other  Rabi pulses,69074,66897
Goa,Rabi       ,Rice,113208,316771
Goa,Whole Year ,Arecanut,3490,5790
Goa,Whole Year ,Banana,4704,53190
Goa,Whole Year ,Black pepper,4030,1090
Goa,Whole Year ,Cashewnut,332808,148291
Goa,Whole Year ,Coconut ,153021,503112559
Goa,Whole Year ,Mango,9662,17831
Goa,Whole Year ,Other Fresh Fruits,8405,89643
Goa,Whole Year ,Other Vegetables,14192,161921
Goa,Whole Year ,Pineapple,662,10985
Goa,Whole Year ,Ragi,2800,2476
Goa,Whole Year ,Sugarcane,10758,570984
Gujarat,Kharif     ,Arhar/Tur,4695500,4587804
Gujarat,Kharif     ,Bajra,11169800,11303600
Gujarat,Kharif     ,Castor seed,6333400,11763400
Gujarat,Kharif     ,Cotton(lint),31451600,82597300
Gujarat,Kharif     ,Dry chillies,18400,21300
Gujarat,Kharif     ,Groundnut,28015200,34349804
Gujarat,Kharif     ,Jowar,1779300,2486104
Gujarat,Kharif     ,Maize,6376000,8773000
Gujarat,Kharif     ,Moong(Green Gram),2651300,1739504
Gujarat,Kharif     ,Moth,622000,8386949
Gujarat,Kharif     ,Other Cereals & Millets,161300,4736028
Gujarat,Kharif     ,Other Kharif pulses,381300,3111118
Gujarat,Kharif     ,Pulses total,268,179
Gujarat,Kharif     ,Ragi,300800,279800
Gujarat,Kharif     ,Rice,9882100,16832700
Gujarat,Kharif     ,Sesamum,4427900,3543811
Gujarat,Kharif     ,Small millets,91900,4106325
Gujarat,Kharif     ,Soyabean,172600,137900
Gujarat,Kharif     ,Tobacco,278400,470800
Gujarat,Kharif     ,Urad,1661200,2098707
Gujarat,Kharif     ,other oilseeds,102000,1201907
Gujarat,Rabi       ,Gram,2141000,3158007
Gujarat,Rabi       ,Jowar,826000,1304804
Gujarat,Rabi       ,Maize,296700,577000
Gujarat,Rabi       ,Onion,171000,4768900
Gujarat,Rabi       ,Other  Rabi pulses,163400,3028818
Gujarat,Rabi       ,Other Cereals & Millets,292800,3259518
Gujarat,Rabi       ,Rapeseed &Mustard,4309800,5844000
Gujarat,Rabi       ,Small millets,31900,594004
Gujarat,Rabi       ,Tobacco,326200,1156104
Gujarat,Rabi       ,Wheat,13697300,36783800
Gujarat,Summer     ,Bajra,3252800,7420800
Gujarat,Summer     ,Groundnut,1612800,3424504
Gujarat,Summer     ,Maize,59800,704104
Gujarat,Summer     ,Moong(Green Gram),160100,83900
Gujarat,Summer     ,Onion,11400,313600
Gujarat,Summer     ,Rice,387400,1209200
Gujarat,Summer     ,Sesamum,149600,268100
Gujarat,Summer     ,Urad,14400,9500
Gujarat,Whole Year ,Banana,381000,25402100
Gujarat,Whole Year ,Castor seed,337000,660500
Gujarat,Whole Year ,Cotton(lint),1518900,3180200
Gujarat,Whole Year ,Dry chillies,149000,3630921
Gujarat,Whole Year ,Garlic,370400,2394300
Gujarat,Whole Year ,Guar seed,2531100,3029311
Gujarat,Whole Year ,Maize,399800,659000
Gujarat,Whole Year ,Oilseeds total,2902856,3845031
Gujarat,Whole Year ,Onion,490800,13725500
Gujarat,Whole Year ,Potato,738700,17283000
Gujarat,Whole Year ,Pulses total,1606400,610427
Gujarat,Whole Year ,Ragi,18900,17900
Gujarat,Whole Year ,Rice,672600,1042300
Gujarat,Whole Year ,Sesamum,295600,177000
Gujarat,Whole Year ,Sugarcane,3112400,212022800
Gujarat,Whole Year ,Tobacco,872300,1494000
Gujarat,Whole Year ,other oilseeds,69600,38100
Haryana,Kharif     ,Arhar/Tur,340725,31793249
Haryana,Kharif     ,Bajra,9403253,28647190
Haryana,Kharif     ,Castor seed,16324,5252637
Haryana,Kharif     ,Cotton(lint),8220074,75412003
Haryana,Kharif     ,Dry ginger,257,4077725
Haryana,Kharif     ,Gram,59000,45000
Haryana,Kharif     ,Groundnut,25926,27982137
Haryana,Kharif     ,Horse-gram,15945,13983519
Haryana,Kharif     ,Jowar,1519704,31312373
Haryana,Kharif     ,Jute,652,582504
Haryana,Kharif     ,Maize,247003,69874110
Haryana,Kharif     ,Moong(Green Gram),250990,50766167
Haryana,Kharif     ,Moth,68194,16901122
Haryana,Kharif     ,Other Kharif pulses,73283,6468738
Haryana,Kharif     ,Rice,17371994,52230818
Haryana,Kharif     ,Sannhamp,143,4660057
Haryana,Kharif     ,Sesamum,56918,62928751
Haryana,Kharif     ,Soyabean,5,1165007
Haryana,Kharif     ,Sunflower,10871,1183907
Haryana,Kharif     ,Urad,35094,33796518
Haryana,Kharif     ,other oilseeds,53,582504
Haryana,Rabi       ,Barley,593465,49581283
Haryana,Rabi       ,Gram,2094518,64020869
Haryana,Rabi       ,Masoor,86454,33270871
Haryana,Rabi       ,Other  Rabi pulses,104102,660504
Haryana,Rabi       ,Peas & beans (Pulses),18866,34969831
Haryana,Rabi       ,Rapeseed &Mustard,7739188,13716318
Haryana,Rabi       ,Sunflower,91296,5971535
Haryana,Rabi       ,Wheat,37734933,158647000
Haryana,Rabi       ,other oilseeds,24,1747511
Haryana,Whole Year ,Banana,206,0
Haryana,Whole Year ,Coriander,1637,12234580
Haryana,Whole Year ,Cotton(lint),631000,1107000
Haryana,Whole Year ,Dry chillies,20033,26865759
Haryana,Whole Year ,Garlic,5879,17512504
Haryana,Whole Year ,Grapes,1180,3893
Haryana,Whole Year ,Guar seed,387815,278379
Haryana,Whole Year ,Mango,3201,11767
Haryana,Whole Year ,Onion,42247,11274462
Haryana,Whole Year ,Other Fresh Fruits,17628,121500
Haryana,Whole Year ,Other Vegetables,72479,664300
Haryana,Whole Year ,Potato,173509,7116521
Haryana,Whole Year ,Sannhamp,6261,38447028
Haryana,Whole Year ,Sugarcane,2052951,140058562
Haryana,Whole Year ,Sweet potato,1129,10501962
Haryana,Whole Year ,Tobacco,22,1747511
Haryana,Whole Year ,Turmeric,875,8738517
Himachal Pradesh,Kharif     ,Arhar/Tur,2635,2913109
Himachal Pradesh,Kharif     ,Bajra,2465,1293
Himachal Pradesh,Kharif     ,Coriander,3,1
Himachal Pradesh,Kharif     ,Cotton(lint),272,582632
Himachal Pradesh,Kharif     ,Dry chillies,2532,1748252
Himachal Pradesh,Kharif     ,Dry ginger,15999,121233
Himachal Pradesh,Kharif     ,Garlic,3,4
Himachal Pradesh,Kharif     ,Ginger,2082,15615
Himachal Pradesh,Kharif     ,Groundnut,1333,1005
Himachal Pradesh,Kharif     ,Horse-gram,25924,593274
Himachal Pradesh,Kharif     ,Jowar,287,90
Himachal Pradesh,Kharif     ,Maize,3584997,7813360
Himachal Pradesh,Kharif     ,Masoor,4284,1705
Himachal Pradesh,Kharif     ,Moong(Green Gram),3243,1748835
Himachal Pradesh,Kharif     ,Moth,255,2912602
Himachal Pradesh,Kharif     ,Other Kharif pulses,39186,20185
Himachal Pradesh,Kharif     ,Peas & beans (Pulses),34166,72905
Himachal Pradesh,Kharif     ,Potato,39375,388421
Himachal Pradesh,Kharif     ,Ragi,12712,13608
Himachal Pradesh,Kharif     ,Rice,960488,1419350
Himachal Pradesh,Kharif     ,Sannhamp,151,582543
Himachal Pradesh,Kharif     ,Sesamum,39864,1181973
Himachal Pradesh,Kharif     ,Small millets,107356,646706
Himachal Pradesh,Kharif     ,Soyabean,6311,9319
Himachal Pradesh,Kharif     ,Sugarcane,5035,111510
Himachal Pradesh,Kharif     ,Turmeric,684,370
Himachal Pradesh,Kharif     ,Urad,125407,49390
Himachal Pradesh,Rabi       ,Barley,293438,352595
Himachal Pradesh,Rabi       ,Coriander,1199,582809
Himachal Pradesh,Rabi       ,Garlic,15711,12788
Himachal Pradesh,Rabi       ,Gram,12971,592618
Himachal Pradesh,Rabi       ,Linseed,17474,586564
Himachal Pradesh,Rabi       ,Masoor,3900,584128
Himachal Pradesh,Rabi       ,Onion,4152,30803
Himachal Pradesh,Rabi       ,Other  Rabi pulses,824,1165439
Himachal Pradesh,Rabi       ,Peas & beans (Pulses),39303,659991
Himachal Pradesh,Rabi       ,Potato,10963,84556
Himachal Pradesh,Rabi       ,Rapeseed &Mustard,97054,43406
Himachal Pradesh,Rabi       ,Wheat,4376546,6105703
Himachal Pradesh,Whole Year ,Coriander,571,582693
Himachal Pradesh,Whole Year ,Cotton(lint),57,30
Himachal Pradesh,Whole Year ,Dry chillies,4455,2331061
Himachal Pradesh,Whole Year ,Dry ginger,1822,585135
Himachal Pradesh,Whole Year ,Garlic,5440,4798
Himachal Pradesh,Whole Year ,Onion,1919,15586
Himachal Pradesh,Whole Year ,Potato,79591,760686
Himachal Pradesh,Whole Year ,Sannhamp,38,38
Himachal Pradesh,Whole Year ,Sugarcane,18654,161724
Himachal Pradesh,Whole Year ,Sweet potato,102,1165007
Himachal Pradesh,Whole Year ,Tobacco,114,84
Himachal Pradesh,Whole Year ,Turmeric,531,582780
Jammu and Kashmir ,Kharif     ,Bajra,132030,75316
Jammu and Kashmir ,Kharif     ,Barley,719,192
Jammu and Kashmir ,Kharif     ,Cond-spcs other,892,676
Jammu and Kashmir ,Kharif     ,Cotton(lint),222,110
Jammu and Kashmir ,Kharif     ,Dry chillies,2293,2026
Jammu and Kashmir ,Kharif     ,Dry ginger,174,210
Jammu and Kashmir ,Kharif     ,Garlic,103,78
Jammu and Kashmir ,Kharif     ,Groundnut,118,61
Jammu and Kashmir ,Kharif     ,Horse-gram,1944,600
Jammu and Kashmir ,Kharif     ,Jowar,7538,4063
Jammu and Kashmir ,Kharif     ,Maize,3179109,4753864
Jammu and Kashmir ,Kharif     ,Masoor,16,9
Jammu and Kashmir ,Kharif     ,Moong(Green Gram),13039,588191
Jammu and Kashmir ,Kharif     ,Moth,3481,2069
Jammu and Kashmir ,Kharif     ,Onion,335,296
Jammu and Kashmir ,Kharif     ,Other Cereals & Millets,910,300
Jammu and Kashmir ,Kharif     ,Other Kharif pulses,14032,7534
Jammu and Kashmir ,Kharif     ,Peas & beans (Pulses),609,329
Jammu and Kashmir ,Kharif     ,Potato,3958,30901
Jammu and Kashmir ,Kharif     ,Rapeseed &Mustard,3244,1326
Jammu and Kashmir ,Kharif     ,Rice,2564431,4116595
Jammu and Kashmir ,Kharif     ,Sannhamp,646,356
Jammu and Kashmir ,Kharif     ,Sesamum,44044,19270
Jammu and Kashmir ,Kharif     ,Small millets,9541,4468
Jammu and Kashmir ,Kharif     ,Sugarcane,1565,2932
Jammu and Kashmir ,Kharif     ,Tobacco,11,4
Jammu and Kashmir ,Kharif     ,Turmeric,46,47
Jammu and Kashmir ,Kharif     ,Urad,100371,40749
Jammu and Kashmir ,Kharif     ,Wheat,456,62
Jammu and Kashmir ,Kharif     ,other oilseeds,288,126
Jammu and Kashmir ,Rabi       ,Arhar/Tur,22,13
Jammu and Kashmir ,Rabi       ,Barley,100120,53289
Jammu and Kashmir ,Rabi       ,Cond-spcs other,1875,1585
Jammu and Kashmir ,Rabi       ,Coriander,9,2
Jammu and Kashmir ,Rabi       ,Garlic,1781,1535
Jammu and Kashmir ,Rabi       ,Ginger,3,3
Jammu and Kashmir ,Rabi       ,Gram,20179,10682
Jammu and Kashmir ,Rabi       ,Linseed,2480,1269
Jammu and Kashmir ,Rabi       ,Masoor,654,302
Jammu and Kashmir ,Rabi       ,Moong(Green Gram),72,87
Jammu and Kashmir ,Rabi       ,Onion,1199,2891
Jammu and Kashmir ,Rabi       ,Other  Rabi pulses,1714,951
Jammu and Kashmir ,Rabi       ,Other Cereals & Millets,4,4
Jammu and Kashmir ,Rabi       ,Peas & beans (Pulses),11546,9365
Jammu and Kashmir ,Rabi       ,Potato,3295,38901
Jammu and Kashmir ,Rabi       ,Rapeseed &Mustard,497617,313215
Jammu and Kashmir ,Rabi       ,Turmeric,4,4
Jammu and Kashmir ,Rabi       ,Urad,11,5
Jammu and Kashmir ,Rabi       ,Wheat,2378280,3690082
Jammu and Kashmir ,Rabi       ,other oilseeds,765,582776
Jammu and Kashmir ,Whole Year ,Beans & Mutter(Vegetable),842,876
Jammu and Kashmir ,Whole Year ,Carrot,24,22
Jammu and Kashmir ,Whole Year ,Dry chillies,1000,1020
Jammu and Kashmir ,Whole Year ,Garlic,201,165
Jammu and Kashmir ,Whole Year ,Onion,2042,4228
Jammu and Kashmir ,Whole Year ,Other Fresh Fruits,118698,0
Jammu and Kashmir ,Whole Year ,Other Vegetables,26224,29895
Jammu and Kashmir ,Whole Year ,Potato,5356,57100
Jammu and Kashmir ,Whole Year ,Redish,152,230
Jammu and Kashmir ,Whole Year ,Sannhamp,669,330
Jammu and Kashmir ,Whole Year ,Sugarcane,672,2037
Jammu and Kashmir ,Whole Year ,Tobacco,161,32
Jammu and Kashmir ,Whole Year ,Turmeric,11,11
Jammu and Kashmir ,Whole Year ,Turnip,740,363
Jammu and Kashmir ,Whole Year ,other oilseeds,36,16
Jharkhand,Autumn     ,Maize,471203,631551
Jharkhand,Autumn     ,Ragi,220217,183570
Jharkhand,Autumn     ,Rice,1420450,1108569
Jharkhand,Kharif     ,Arhar/Tur,22501,32221
Jharkhand,Rabi       ,Arhar/Tur,104753,147679
Jharkhand,Rabi       ,Barley,7483,5791
Jharkhand,Rabi       ,Gram,101511,77254
Jharkhand,Rabi       ,Masoor,25765,20719
Jharkhand,Rabi       ,Onion,11984,81337
Jharkhand,Rabi       ,Potato,90849,663440
Jharkhand,Rabi       ,Rapeseed &Mustard,58592,44529
Jharkhand,Rabi       ,Wheat,454565,569102
Jharkhand,Whole Year ,Onion,1138,9197
Jharkhand,Whole Year ,Sugarcane,2567,82173
Jharkhand,Winter     ,Potato,91562,701774
Jharkhand,Winter     ,Rice,6305912,6418844
Karnataka,Kharif     ,Arhar/Tur,11026410,6038696
Karnataka,Kharif     ,Bajra,6065608,4879931
Karnataka,Kharif     ,Black pepper,3825,924
Karnataka,Kharif     ,Castor seed,336324,289492
Karnataka,Kharif     ,Cotton(lint),6330492,11438392
Karnataka,Kharif     ,Cowpea(Lobia),321746,137891
Karnataka,Kharif     ,Dry chillies,934922,815665
Karnataka,Kharif     ,Dry ginger,66651,832184
Karnataka,Kharif     ,Gram,248691,78734
Karnataka,Kharif     ,Groundnut,12792377,8174496
Karnataka,Kharif     ,Horse-gram,2090251,1007288
Karnataka,Kharif     ,Jowar,5122828,6865321
Karnataka,Kharif     ,Maize,15221272,43114931
Karnataka,Kharif     ,Mesta,21124,30472
Karnataka,Kharif     ,Moong(Green Gram),5964873,1874125
Karnataka,Kharif     ,Niger seed,477684,110614
Karnataka,Kharif     ,Onion,1299775,6859174
Karnataka,Kharif     ,Other Kharif pulses,1844342,1559480
Karnataka,Kharif     ,Paddy,1031530,3509039
Karnataka,Kharif     ,Peas & beans (Pulses),13512,109360
Karnataka,Kharif     ,Potato,401802,2110067
Karnataka,Kharif     ,Ragi,14103852,22366250
Karnataka,Kharif     ,Rapeseed &Mustard,21256,2918584
Karnataka,Kharif     ,Rice,19202365,48756734
Karnataka,Kharif     ,Sesamum,1311976,1246862
Karnataka,Kharif     ,Small millets,658349,931693
Karnataka,Kharif     ,Soyabean,2250474,1844638
Karnataka,Kharif     ,Sunflower,5750402,2993756
Karnataka,Kharif     ,Urad,1870000,1123312
Karnataka,Rabi       ,Bajra,4212,3889
Karnataka,Rabi       ,Cotton(lint),389271,508306
Karnataka,Rabi       ,Cowpea(Lobia),73549,606687
Karnataka,Rabi       ,Dry chillies,57095,124586
Karnataka,Rabi       ,Gram,10050123,5883069
Karnataka,Rabi       ,Groundnut,2430010,2341898
Karnataka,Rabi       ,Horse-gram,2666800,1090919
Karnataka,Rabi       ,Jowar,22140154,17089992
Karnataka,Rabi       ,Linseed,224763,1816758
Karnataka,Rabi       ,Maize,1481592,4184680
Karnataka,Rabi       ,Moong(Green Gram),157863,1210657
Karnataka,Rabi       ,Onion,132670,992562
Karnataka,Rabi       ,Other  Rabi pulses,424840,90921
Karnataka,Rabi       ,Paddy,53889,163930
Karnataka,Rabi       ,Peas & beans (Pulses),4641,34512
Karnataka,Rabi       ,Potato,58734,882904
Karnataka,Rabi       ,Ragi,746921,879154
Karnataka,Rabi       ,Rapeseed &Mustard,61757,1765268
Karnataka,Rabi       ,Rice,848151,1933205
Karnataka,Rabi       ,Safflower,1269070,891029
Karnataka,Rabi       ,Sunflower,6901048,2690404
Karnataka,Rabi       ,Urad,149230,61349
Karnataka,Rabi       ,Wheat,4490477,3856245
Karnataka,Summer     ,Bajra,16137,15766
Karnataka,Summer     ,Cotton(lint),6015,16441
Karnataka,Summer     ,Cowpea(Lobia),22178,1173296
Karnataka,Summer     ,Dry chillies,57236,177998
Karnataka,Summer     ,Groundnut,514001,439526
Karnataka,Summer     ,Jowar,127877,236441
Karnataka,Summer     ,Maize,333906,1009289
Karnataka,Summer     ,Onion,44621,378736
Karnataka,Summer     ,Paddy,268044,1143567
Karnataka,Summer     ,Peas & beans (Pulses),4923,41038
Karnataka,Summer     ,Potato,12477,200973
Karnataka,Summer     ,Ragi,157579,293239
Karnataka,Summer     ,Rice,4815903,15147134
Karnataka,Summer     ,Sunflower,572856,444083
Karnataka,Whole Year ,Arcanut (Processed),144116,192831
Karnataka,Whole Year ,Arecanut,2734827,16740994
Karnataka,Whole Year ,Atcanut (Raw),144116,927250
Karnataka,Whole Year ,Banana,577792,10986598
Karnataka,Whole Year ,Beans & Mutter(Vegetable),14141,98563
Karnataka,Whole Year ,Black pepper,273641,756018
Karnataka,Whole Year ,Brinjal,23781,160512
Karnataka,Whole Year ,Cardamom,338224,7013393
Karnataka,Whole Year ,Cashewnut,443941,339016
Karnataka,Whole Year ,Cashewnut Processed,57461,8121
Karnataka,Whole Year ,Cashewnut Raw,57461,32375
Karnataka,Whole Year ,Citrus Fruit,16439,272754
Karnataka,Whole Year ,Coconut ,6708655,56767102
Karnataka,Whole Year ,Coriander,147762,2945898
Karnataka,Whole Year ,Cotton(lint),2058147,3356848
Karnataka,Whole Year ,Dry chillies,1222615,1062822
Karnataka,Whole Year ,Dry ginger,266347,5244236
Karnataka,Whole Year ,Garlic,85583,86394
Karnataka,Whole Year ,Grapes,20052,591986
Karnataka,Whole Year ,Mango,199525,714735
Karnataka,Whole Year ,Mesta,12457,16281
Karnataka,Whole Year ,Onion,874174,4755450
Karnataka,Whole Year ,Other Fresh Fruits,19407,56441
Karnataka,Whole Year ,Papaya,1713,3951
Karnataka,Whole Year ,Peas & beans (Pulses),6974,42197
Karnataka,Whole Year ,Pome Fruit,9099,52741
Karnataka,Whole Year ,Potato,324744,2756348
Karnataka,Whole Year ,Sannhamp,7813,1749445
Karnataka,Whole Year ,Sugarcane,5739787,515845482
Karnataka,Whole Year ,Sweet potato,44989,451284
Karnataka,Whole Year ,Tapioca,13496,119219
Karnataka,Whole Year ,Tobacco,1511490,1048160
Karnataka,Whole Year ,Tomato,60670,447872
Karnataka,Whole Year ,Turmeric,193358,995598
Kerala,Autumn     ,Rice,1542638,3442450
Kerala,Kharif     ,Cotton(lint),38619,642486
Kerala,Kharif     ,Groundnut,38607,1193650
Kerala,Kharif     ,Jowar,27550,2926566
Kerala,Kharif     ,Other Cereals & Millets,2529,1989
Kerala,Kharif     ,Ragi,12233,592401
Kerala,Kharif     ,Sesamum,15458,7577699
Kerala,Kharif     ,Small millets,1233,960
Kerala,Summer     ,Rice,768887,2676294
Kerala,Whole Year ,Arecanut,1729827,1893642
Kerala,Whole Year ,Arhar/Tur,3550,5224
Kerala,Whole Year ,Banana,924784,7655662
Kerala,Whole Year ,Bhindi,1801,13
Kerala,Whole Year ,Bitter Gourd,4501,0
Kerala,Whole Year ,Black pepper,3090756,971531
Kerala,Whole Year ,Blackgram,1042,11067566
Kerala,Whole Year ,Brinjal,1336,0
Kerala,Whole Year ,Cardamom,624929,25766494
Kerala,Whole Year ,Cashewnut,1268690,948396
Kerala,Whole Year ,Cashewnut Raw,88548,66087
Kerala,Whole Year ,Coconut ,15504053,97803036000
Kerala,Whole Year ,Coffee,167908,130012
Kerala,Whole Year ,Cowpea(Lobia),2864,19805117
Kerala,Whole Year ,Drum Stick,74860,77113
Kerala,Whole Year ,Dry chillies,609,598
Kerala,Whole Year ,Dry ginger,144035,601094
Kerala,Whole Year ,Garlic,5567,92255
Kerala,Whole Year ,Groundnut,1974,2536
Kerala,Whole Year ,Horse-gram,285,5825035
Kerala,Whole Year ,Jack Fruit,275214,8155710
Kerala,Whole Year ,Jowar,471,363
Kerala,Whole Year ,Maize,298,582659
Kerala,Whole Year ,Mango,327495,1650151
Kerala,Whole Year ,Moong(Green Gram),385,14562587
Kerala,Whole Year ,Onion,204,2912518
Kerala,Whole Year ,Other Fresh Fruits,23215,0
Kerala,Whole Year ,Other Vegetables,101973,0
Kerala,Whole Year ,Papaya,52241,267675
Kerala,Whole Year ,Pineapple,31039,263381
Kerala,Whole Year ,Potato,2972,54534
Kerala,Whole Year ,Pump Kin,3830,24465145
Kerala,Whole Year ,Ragi,274,582790
Kerala,Whole Year ,Rubber,951086,1175267
Kerala,Whole Year ,Sesamum,787,1165283
Kerala,Whole Year ,Small millets,129,117
Kerala,Whole Year ,Snak Guard,1740,0
Kerala,Whole Year ,Soyabean,14,21
Kerala,Whole Year ,Sugarcane,50445,24790040
Kerala,Whole Year ,Sweet potato,9812,119231
Kerala,Whole Year ,Tapioca,1653604,46113660
Kerala,Whole Year ,Tea,73682,121080
Kerala,Whole Year ,Tobacco,838,3616
Kerala,Whole Year ,Turmeric,52723,124364
Kerala,Whole Year ,Wheat,2,582507
Kerala,Whole Year ,other oilseeds,2253,0
Kerala,Winter     ,Rice,2201420,5057108
Kerala,Winter     ,Sesamum,260,582602
Madhya Pradesh,Kharif     ,Arhar/Tur,5715542,3932516
Madhya Pradesh,Kharif     ,Bajra,2842553,7645944
Madhya Pradesh,Kharif     ,Barley,241126,384047
Madhya Pradesh,Kharif     ,Castor seed,32464,11079506
Madhya Pradesh,Kharif     ,Cotton(lint),9036448,14054528
Madhya Pradesh,Kharif     ,Cowpea(Lobia),5864,1166740
Madhya Pradesh,Kharif     ,Dry ginger,35056,43289
Madhya Pradesh,Kharif     ,Groundnut,3400629,5732151
Madhya Pradesh,Kharif     ,Horse-gram,251323,2408892
Madhya Pradesh,Kharif     ,Jowar,9288739,9978330
Madhya Pradesh,Kharif     ,Jute,5662,1756161
Madhya Pradesh,Kharif     ,Maize,13273670,21527963
Madhya Pradesh,Kharif     ,Mesta,6223,595748
Madhya Pradesh,Kharif     ,Moong(Green Gram),531794,757644
Madhya Pradesh,Kharif     ,Niger seed,1380320,4389041
Madhya Pradesh,Kharif     ,Other Kharif pulses,3123563,25414256
Madhya Pradesh,Kharif     ,Paddy,2034900,1530500
Madhya Pradesh,Kharif     ,Ragi,7021,6409790
Madhya Pradesh,Kharif     ,Rice,25990702,27432026
Madhya Pradesh,Kharif     ,Sannhamp,18190,2934320
Madhya Pradesh,Kharif     ,Sesamum,1314515,3311774
Madhya Pradesh,Kharif     ,Small millets,4795705,4799487
Madhya Pradesh,Kharif     ,Soyabean,78756847,80019940
Madhya Pradesh,Kharif     ,Sunflower,36869,8751208
Madhya Pradesh,Kharif     ,Urad,6528062,3485767
Madhya Pradesh,Kharif     ,other misc. pulses,4179,1
Madhya Pradesh,Rabi       ,Barley,967472,1200534
Madhya Pradesh,Rabi       ,Cowpea(Lobia),1296,1165384
Madhya Pradesh,Rabi       ,Gram,39064074,35812134
Madhya Pradesh,Rabi       ,Horse-gram,1579,2912973
Madhya Pradesh,Rabi       ,Jowar,68866,1820770
Madhya Pradesh,Rabi       ,Khesari,349966,1407253
Madhya Pradesh,Rabi       ,Linseed,2312605,6148516
Madhya Pradesh,Rabi       ,Masoor,4964483,4654672
Madhya Pradesh,Rabi       ,Moong(Green Gram),145842,11705478
Madhya Pradesh,Rabi       ,Other  Rabi pulses,3737553,14029208
Madhya Pradesh,Rabi       ,Peas & beans (Pulses),1683199,1400722
Madhya Pradesh,Rabi       ,Rapeseed &Mustard,10222271,13593528
Madhya Pradesh,Rabi       ,Safflower,5409,5826506
Madhya Pradesh,Rabi       ,Small millets,1592,10485263
Madhya Pradesh,Rabi       ,Urad,76749,14010049
Madhya Pradesh,Rabi       ,Wheat,69931333,138288478
Madhya Pradesh,Rabi       ,other misc. pulses,2991,0
Madhya Pradesh,Whole Year ,Arhar/Tur,324870,253399
Madhya Pradesh,Whole Year ,Bajra,197914,1458513
Madhya Pradesh,Whole Year ,Banana,150261,21550641
Madhya Pradesh,Whole Year ,Barley,75065,97660
Madhya Pradesh,Whole Year ,Beans & Mutter(Vegetable),6673,0
Madhya Pradesh,Whole Year ,Bhindi,16128,0
Madhya Pradesh,Whole Year ,Brinjal,27696,19
Madhya Pradesh,Whole Year ,Cabbage,5946,0
Madhya Pradesh,Whole Year ,Cashewnut,1,0
Madhya Pradesh,Whole Year ,Castor seed,1361,582985
Madhya Pradesh,Whole Year ,Cauliflower,13664,0
Madhya Pradesh,Whole Year ,Citrus Fruit,17079,0
Madhya Pradesh,Whole Year ,Coriander,1826519,1364347
Madhya Pradesh,Whole Year ,Cotton(lint),623072,714982
Madhya Pradesh,Whole Year ,Dry chillies,578465,804394
Madhya Pradesh,Whole Year ,Dry ginger,47325,651591
Madhya Pradesh,Whole Year ,Garlic,674101,2986350
Madhya Pradesh,Whole Year ,Gram,3007732,3218273
Madhya Pradesh,Whole Year ,Grapes,201,0
Madhya Pradesh,Whole Year ,Groundnut,207062,249510
Madhya Pradesh,Whole Year ,Khesari,53778,40118
Madhya Pradesh,Whole Year ,Linseed,106966,631067
Madhya Pradesh,Whole Year ,Maize,812456,1018820
Madhya Pradesh,Whole Year ,Mango,13947,0
Madhya Pradesh,Whole Year ,Masoor,519238,272042
Madhya Pradesh,Whole Year ,Mesta,1101,1748662
Madhya Pradesh,Whole Year ,Niger seed,95632,21058
Madhya Pradesh,Whole Year ,Onion,643446,10511096
Madhya Pradesh,Whole Year ,Orange,14835,0
Madhya Pradesh,Whole Year ,Other Citrus Fruit,176,0
Madhya Pradesh,Whole Year ,Other Fresh Fruits,7562,0
Madhya Pradesh,Whole Year ,Other Vegetables,51003,0
Madhya Pradesh,Whole Year ,Papaya,1480,40761
Madhya Pradesh,Whole Year ,Peas & beans (Pulses),194056,90793
Madhya Pradesh,Whole Year ,Pome Fruit,6343,0
Madhya Pradesh,Whole Year ,Potato,822870,10386198
Madhya Pradesh,Whole Year ,Ragi,382,120
Madhya Pradesh,Whole Year ,Rapeseed &Mustard,768719,804849
Madhya Pradesh,Whole Year ,Rice,1593071,1355660
Madhya Pradesh,Whole Year ,Safflower,409,122
Madhya Pradesh,Whole Year ,Sannhamp,38464,4139377
Madhya Pradesh,Whole Year ,Sesamum,2367369,5133674
Madhya Pradesh,Whole Year ,Small millets,298646,1249411
Madhya Pradesh,Whole Year ,Soyabean,5439849,7001526
Madhya Pradesh,Whole Year ,Sugarcane,847633,34453314
Madhya Pradesh,Whole Year ,Sunflower,996,4078021
Madhya Pradesh,Whole Year ,Sweet potato,56987,317324
Madhya Pradesh,Whole Year ,Tobacco,1894,5825849
Madhya Pradesh,Whole Year ,Tomato,35696,0
Madhya Pradesh,Whole Year ,Turmeric,562057,388487
Madhya Pradesh,Whole Year ,Water Melon,699,0
Madhya Pradesh,Whole Year ,Wheat,4458995,8865378
Maharashtra,Autumn     ,Maize,21,19695
Maharashtra,Kharif     ,Arhar/Tur,18664161,13452591
Maharashtra,Kharif     ,Bajra,21837630,17194476
Maharashtra,Kharif     ,Castor seed,178515,6459662
Maharashtra,Kharif     ,Cotton(lint),51393254,67094749
Maharashtra,Kharif     ,Gram,717100,295900
Maharashtra,Kharif     ,Groundnut,5027293,5682663
Maharashtra,Kharif     ,Jowar,22010806,27984582
Maharashtra,Kharif     ,Maize,7467680,17382735
Maharashtra,Kharif     ,Moong(Green Gram),9555108,8872503
Maharashtra,Kharif     ,Niger seed,761300,10688692
Maharashtra,Kharif     ,Other Cereals & Millets,198400,696904
Maharashtra,Kharif     ,Other Kharif pulses,2035300,4182481
Maharashtra,Kharif     ,Pulses total,24342,8439
Maharashtra,Kharif     ,Ragi,2341683,2370535
Maharashtra,Kharif     ,Rice,25249236,43233799
Maharashtra,Kharif     ,Sesamum,1332187,6785304
Maharashtra,Kharif     ,Small millets,497300,309000
Maharashtra,Kharif     ,Soyabean,34250136,38101952
Maharashtra,Kharif     ,Sugarcane,3702600,296623366
Maharashtra,Kharif     ,Sunflower,1458915,4157493
Maharashtra,Kharif     ,Tobacco,1300,2100
Maharashtra,Kharif     ,Total foodgrain,80177,71618
Maharashtra,Kharif     ,Urad,7714158,4996804
Maharashtra,Kharif     ,other oilseeds,37900,2920718
Maharashtra,Rabi       ,Gram,17049233,12334897
Maharashtra,Rabi       ,Jowar,47727869,27033994
Maharashtra,Rabi       ,Linseed,848978,3710798
Maharashtra,Rabi       ,Maize,1456626,4355504
Maharashtra,Rabi       ,Other  Rabi pulses,1296630,6344847
Maharashtra,Rabi       ,Other Cereals & Millets,29800,1774011
Maharashtra,Rabi       ,Rapeseed &Mustard,137891,5866757
Maharashtra,Rabi       ,Safflower,3507909,4140419
Maharashtra,Rabi       ,Sesamum,62737,8170813
Maharashtra,Rabi       ,Small millets,57100,21700
Maharashtra,Rabi       ,Soyabean,2102200,1892400
Maharashtra,Rabi       ,Sunflower,2529664,6025220
Maharashtra,Rabi       ,Wheat,15856530,22443475
Maharashtra,Summer     ,Groundnut,1158570,1674790
Maharashtra,Summer     ,Maize,180237,842920
Maharashtra,Summer     ,Rice,423229,939836
Maharashtra,Summer     ,Sunflower,103688,82770
Maharashtra,Whole Year ,Banana,57700,3634720
Maharashtra,Whole Year ,Cotton(lint),2870792,4691600
Maharashtra,Whole Year ,Grapes,36231,973173
Maharashtra,Whole Year ,Mango,200507,370960
Maharashtra,Whole Year ,Onion,133622,1663240
Maharashtra,Whole Year ,Sugarcane,7812128,641862599
Maharashtra,Whole Year ,Tobacco,1500,1800
Maharashtra,Whole Year ,Tomato,28364,89065
Manipur,Autumn     ,Banana,1280,16460
Manipur,Autumn     ,Cotton(lint),30,20
Manipur,Autumn     ,Dry chillies,2000,1200
Manipur,Autumn     ,Dry ginger,360,590
Manipur,Autumn     ,Jute,10,20
Manipur,Autumn     ,Maize,2960,10090
Manipur,Autumn     ,Onion,60,120
Manipur,Autumn     ,Peas & beans (Pulses),850,582934
Manipur,Autumn     ,Potato,320,1670
Manipur,Autumn     ,Rice,88370,200290
Manipur,Autumn     ,Sesamum,470,230
Manipur,Autumn     ,Soyabean,270,320
Manipur,Autumn     ,Sugarcane,380,12410
Manipur,Autumn     ,Sweet potato,50,180
Manipur,Autumn     ,Tapioca,30,130
Manipur,Autumn     ,Turmeric,100,70
Manipur,Kharif     ,Arhar/Tur,40,20
Manipur,Kharif     ,Cotton(lint),620,220
Manipur,Kharif     ,Dry ginger,18600,30700
Manipur,Kharif     ,Jute,20,40
Manipur,Kharif     ,Kapas,5,2
Manipur,Kharif     ,Maize,32326,81043
Manipur,Kharif     ,Onion,2,5
Manipur,Kharif     ,Other Kharif pulses,20263,10316
Manipur,Kharif     ,Peas & beans (Pulses),42612,21791
Manipur,Kharif     ,Rice,1461695,3468608
Manipur,Kharif     ,Sesamum,9610,4750
Manipur,Kharif     ,Soyabean,2005,2297
Manipur,Rabi       ,Banana,660,8490
Manipur,Rabi       ,Cotton(lint),10,10
Manipur,Rabi       ,Dry chillies,3240,1940
Manipur,Rabi       ,Onion,80,170
Manipur,Rabi       ,Peas & beans (Pulses),850,430
Manipur,Rabi       ,Potato,750,3930
Manipur,Rabi       ,Rapeseed &Mustard,7900,3540
Manipur,Rabi       ,Sugarcane,10,330
Manipur,Rabi       ,Sweet potato,20,70
Manipur,Summer     ,Banana,1250,16080
Manipur,Summer     ,Dry chillies,1230,740
Manipur,Summer     ,Dry ginger,560,930
Manipur,Summer     ,Jute,10,20
Manipur,Summer     ,Onion,520,1110
Manipur,Summer     ,Peas & beans (Pulses),710,360
Manipur,Summer     ,Potato,850,4440
Manipur,Summer     ,Sugarcane,150,4900
Manipur,Summer     ,Turmeric,30,20
Manipur,Whole Year ,Banana,39421,456661
Manipur,Whole Year ,Beans & Mutter(Vegetable),3723,17643
Manipur,Whole Year ,Bhindi,1555,5180
Manipur,Whole Year ,Bitter Gourd,61,353
Manipur,Whole Year ,Bottle Gourd,83,598
Manipur,Whole Year ,Brinjal,656,3030
Manipur,Whole Year ,Cabbage,3123,37958
Manipur,Whole Year ,Carrot,544,4044
Manipur,Whole Year ,Cashewnut,610,223
Manipur,Whole Year ,Cauliflower,2158,18433
Manipur,Whole Year ,Citrus Fruit,2416,11237
Manipur,Whole Year ,Dry chillies,79523,47522
Manipur,Whole Year ,Jack Fruit,675,3087
Manipur,Whole Year ,Mango,398,2025
Manipur,Whole Year ,Onion,6340,13470
Manipur,Whole Year ,Orange,1243,5097
Manipur,Whole Year ,Other Fresh Fruits,17257,51089
Manipur,Whole Year ,Other Vegetables,585,3471
Manipur,Whole Year ,Papaya,3875,21940
Manipur,Whole Year ,Pineapple,20984,155469
Manipur,Whole Year ,Pome Fruit,1387,4027
Manipur,Whole Year ,Potato,22180,116010
Manipur,Whole Year ,Redish,417,3706
Manipur,Whole Year ,Rubber,50,50
Manipur,Whole Year ,Sugarcane,3427,111712
Manipur,Whole Year ,Sweet potato,864,3720
Manipur,Whole Year ,Tapioca,496,2728
Manipur,Whole Year ,Tomato,1128,8938
Manipur,Whole Year ,Turmeric,2497,1774
Manipur,Winter     ,Banana,940,12090
Manipur,Winter     ,Cotton(lint),30,10
Manipur,Winter     ,Dry chillies,2360,1420
Manipur,Winter     ,Dry ginger,220,360
Manipur,Winter     ,Onion,20,40
Manipur,Winter     ,Peas & beans (Pulses),630,320
Manipur,Winter     ,Potato,1100,5750
Manipur,Winter     ,Rapeseed &Mustard,990,440
Manipur,Winter     ,Rice,78520,181900
Manipur,Winter     ,Sesamum,310,150
Manipur,Winter     ,Soyabean,80,100
Manipur,Winter     ,Sugarcane,170,5560
Manipur,Winter     ,Sweet potato,10,30
Manipur,Winter     ,Turmeric,40,20
Meghalaya,Autumn     ,Rice,349630,525139
Meghalaya,Kharif     ,Arhar/Tur,14879,13502
Meghalaya,Kharif     ,Banana,48041,571499
Meghalaya,Kharif     ,Castor seed,519,334
Meghalaya,Kharif     ,Cotton(lint),122964,119033
Meghalaya,Kharif     ,Dry ginger,152057,877024
Meghalaya,Kharif     ,Jute,76254,650383
Meghalaya,Kharif     ,Kapas,7340,7684
Meghalaya,Kharif     ,Linseed,101,45
Meghalaya,Kharif     ,Maize,255390,379724
Meghalaya,Kharif     ,Mesta,79460,381962
Meghalaya,Kharif     ,Rice,740935,1203248
Meghalaya,Kharif     ,Sesamum,27751,17148
Meghalaya,Kharif     ,Small millets,29323,24160
Meghalaya,Kharif     ,Soyabean,16982,21226
Meghalaya,Kharif     ,Sweet potato,31113,104007
Meghalaya,Kharif     ,Tapioca,32216,180108
Meghalaya,Kharif     ,Total foodgrain,111188,172595
Meghalaya,Rabi       ,Arecanut,12081,16561
Meghalaya,Rabi       ,Black pepper,884,462
Meghalaya,Rabi       ,Castor seed,63,36
Meghalaya,Rabi       ,Cotton(lint),7208,7738
Meghalaya,Rabi       ,Cowpea(Lobia),3230,4668
Meghalaya,Rabi       ,Dry chillies,1870,1375
Meghalaya,Rabi       ,Gram,13060,10179
Meghalaya,Rabi       ,Jute,3967,35304
Meghalaya,Rabi       ,Linseed,972,477
Meghalaya,Rabi       ,Masoor,3488,3451
Meghalaya,Rabi       ,Other  Rabi pulses,23550,19256
Meghalaya,Rabi       ,Peas & beans (Pulses),9732,16790
Meghalaya,Rabi       ,Potato,18173,188202
Meghalaya,Rabi       ,Pulses total,6479,4952
Meghalaya,Rabi       ,Rapeseed &Mustard,136492,98955
Meghalaya,Rabi       ,Rice,56686,225326
Meghalaya,Rabi       ,Sesamum,1635,876
Meghalaya,Rabi       ,Small millets,15683,13286
Meghalaya,Rabi       ,Sweet potato,4947,16406
Meghalaya,Rabi       ,Tobacco,5692,4460
Meghalaya,Rabi       ,Turmeric,1912,14449
Meghalaya,Rabi       ,Wheat,24808,42192
Meghalaya,Summer     ,Potato,12435,139328
Meghalaya,Summer     ,Rice,56090,219024
Meghalaya,Whole Year ,Arecanut,190839,261176
Meghalaya,Whole Year ,Banana,51325,599763
Meghalaya,Whole Year ,Black pepper,6482,4048
Meghalaya,Whole Year ,Cashewnut,58602,97476
Meghalaya,Whole Year ,Citrus Fruit,16040,69642
Meghalaya,Whole Year ,Coriander,53,306
Meghalaya,Whole Year ,Dry chillies,28380,20278
Meghalaya,Whole Year ,Garlic,365,1139
Meghalaya,Whole Year ,Maize,54077,119151
Meghalaya,Whole Year ,Oilseeds total,1732,1344
Meghalaya,Whole Year ,Papaya,1187,8760
Meghalaya,Whole Year ,Pineapple,18869,175004
Meghalaya,Whole Year ,Potato,275096,2482811
Meghalaya,Whole Year ,Sugarcane,1541,4286
Meghalaya,Whole Year ,Sweet potato,50348,166629
Meghalaya,Whole Year ,Tapioca,40108,211147
Meghalaya,Whole Year ,Tobacco,7141,4741
Meghalaya,Whole Year ,Turmeric,26959,150527
Meghalaya,Winter     ,Potato,6038,42957
Meghalaya,Winter     ,Rice,682566,1358737
Mizoram,Kharif     ,Arhar/Tur,719,938
Mizoram,Kharif     ,Coconut ,15,40
Mizoram,Kharif     ,Cotton(lint),4272,8868
Mizoram,Kharif     ,Gram,23,25
Mizoram,Kharif     ,Groundnut,228,329
Mizoram,Kharif     ,Kapas,962,427
Mizoram,Kharif     ,Maize,106018,184554
Mizoram,Kharif     ,Masoor,27,29
Mizoram,Kharif     ,Moong(Green Gram),76,83
Mizoram,Kharif     ,Other Kharif pulses,25756,26841
Mizoram,Kharif     ,Peas & beans (Pulses),620,1165720
Mizoram,Kharif     ,Potato,1702,7479
Mizoram,Kharif     ,Rapeseed &Mustard,675,674
Mizoram,Kharif     ,Rice,597108,900213
Mizoram,Kharif     ,Sesamum,27586,19264
Mizoram,Kharif     ,Soyabean,11432,15240
Mizoram,Kharif     ,Sunflower,49,31
Mizoram,Kharif     ,Tapioca,1185,6026
Mizoram,Kharif     ,Urad,63,68
Mizoram,Kharif     ,other oilseeds,17421,15386
Mizoram,Rabi       ,Arhar/Tur,593,322
Mizoram,Rabi       ,Gram,23,18
Mizoram,Rabi       ,Maize,6648,11494
Mizoram,Rabi       ,Masoor,148,160
Mizoram,Rabi       ,Moong(Green Gram),287,315
Mizoram,Rabi       ,Other  Rabi pulses,13406,20074
Mizoram,Rabi       ,Peas & beans (Pulses),1106,1063
Mizoram,Rabi       ,Potato,80,350
Mizoram,Rabi       ,Rapeseed &Mustard,14456,10513
Mizoram,Rabi       ,Rice,8650,20078
Mizoram,Rabi       ,Tobacco,377,415
Mizoram,Rabi       ,Urad,123,152
Mizoram,Rabi       ,Wheat,123,101
Mizoram,Rabi       ,other oilseeds,3576,2352
Mizoram,Whole Year ,Kapas,555,429
Mizoram,Whole Year ,Potato,2901,13334
Mizoram,Whole Year ,Rice,124574,218313
Mizoram,Whole Year ,Sugarcane,14729,743735
Mizoram,Whole Year ,Tapioca,1156,10455
Mizoram,Whole Year ,Tobacco,4289,3145
Nagaland,Kharif     ,Arhar/Tur,67541,63677
Nagaland,Kharif     ,Bajra,20580,24230
Nagaland,Kharif     ,Barley,530,540
Nagaland,Kharif     ,Bean,4650,6240
Nagaland,Kharif     ,Blackgram,790,640
Nagaland,Kharif     ,Cardamom,1900,1690
Nagaland,Kharif     ,Castor seed,3930,2810
Nagaland,Kharif     ,Colocosia,5240,49840
Nagaland,Kharif     ,Cotton(lint),6401,6830
Nagaland,Kharif     ,Cowpea(Lobia),970,1420
Nagaland,Kharif     ,Dry chillies,3200,4020
Nagaland,Kharif     ,Dry ginger,11000,93320
Nagaland,Kharif     ,Ginger,13640,124390
Nagaland,Kharif     ,Groundnut,24730,28070
Nagaland,Kharif     ,Horse-gram,1530,1580
Nagaland,Kharif     ,Jobster,1170,1180
Nagaland,Kharif     ,Jowar,16520,20840
Nagaland,Kharif     ,Jute,67330,136480
Nagaland,Kharif     ,Maize,921720,1603040
Nagaland,Kharif     ,Mesta,10610,14070
Nagaland,Kharif     ,Moong(Green Gram),16880,598044
Nagaland,Kharif     ,Niger seed,103210,88690
Nagaland,Kharif     ,Oilseeds total,32150,35950
Nagaland,Kharif     ,Other Kharif pulses,46200,46740
Nagaland,Kharif     ,Peas & beans (Pulses),22390,24680
Nagaland,Kharif     ,Perilla,2350,1410
Nagaland,Kharif     ,Potato,14690,166630
Nagaland,Kharif     ,Ragi,1910,1700
Nagaland,Kharif     ,Rajmash Kholar,5630,7090
Nagaland,Kharif     ,Rice,2939640,5797984
Nagaland,Kharif     ,Ricebean (nagadal),4710,5230
Nagaland,Kharif     ,Sesamum,63720,42750
Nagaland,Kharif     ,Small millets,169290,160560
Nagaland,Kharif     ,Soyabean,375890,484190
Nagaland,Kharif     ,Sugarcane,30610,1307450
Nagaland,Kharif     ,Sunflower,14300,17240
Nagaland,Kharif     ,Sweet potato,5530,46990
Nagaland,Kharif     ,Tapioca,14320,282500
Nagaland,Kharif     ,Tea,1000,3450
Nagaland,Kharif     ,Turmeric,900,4050
Nagaland,Kharif     ,Urad,830,720
Nagaland,Rabi       ,Barley,22850,39200
Nagaland,Rabi       ,Blackgram,2170,1640
Nagaland,Rabi       ,Gram,12130,10350
Nagaland,Rabi       ,Groundnut,1390,1710
Nagaland,Rabi       ,Lentil,4180,3410
Nagaland,Rabi       ,Linseed,116060,85490
Nagaland,Rabi       ,Maize,37530,70560
Nagaland,Rabi       ,Masoor,19970,18110
Nagaland,Rabi       ,Oilseeds total,35150,33550
Nagaland,Rabi       ,Other  Rabi pulses,59810,62410
Nagaland,Rabi       ,Peas & beans (Pulses),96570,101730
Nagaland,Rabi       ,Potato,36800,385030
Nagaland,Rabi       ,Rajmash Kholar,9210,11500
Nagaland,Rabi       ,Rapeseed &Mustard,392954,351641
Nagaland,Rabi       ,Rice,24010,54310
Nagaland,Rabi       ,Sesamum,7580,6090
Nagaland,Rabi       ,Sugarcane,770,11580
Nagaland,Rabi       ,Sunflower,20780,17890
Nagaland,Rabi       ,Urad,2050,1750
Nagaland,Rabi       ,Wheat,60700,110810
Nagaland,Whole Year ,Potato,36530,334650
Nagaland,Whole Year ,Sugarcane,18520,897140
Nagaland,Whole Year ,Tea,3128,11452
Odisha,Autumn     ,Arhar/Tur,25621,6487
Odisha,Autumn     ,Groundnut,408901,376242
Odisha,Autumn     ,Jute,131706,441540
Odisha,Autumn     ,Maize,1012370,2638253
Odisha,Autumn     ,Moong(Green Gram),289048,1235306
Odisha,Autumn     ,Paddy,827162,812852
Odisha,Autumn     ,Ragi,343084,2556029
Odisha,Autumn     ,Rice,10450301,11391622
Odisha,Autumn     ,Sesamum,61469,2924079
Odisha,Autumn     ,Urad,404011,1844898
Odisha,Kharif     ,Arhar/Tur,662030,433050
Odisha,Kharif     ,Bajra,22325,12119
Odisha,Kharif     ,Castor seed,60387,1195497
Odisha,Kharif     ,Cotton(lint),77280,126120
Odisha,Kharif     ,Dry chillies,44090,38300
Odisha,Kharif     ,Dry ginger,84664,164858
Odisha,Kharif     ,Groundnut,367177,362835
Odisha,Kharif     ,Horse-gram,330945,81679
Odisha,Kharif     ,Jowar,71181,40401
Odisha,Kharif     ,Jute,40552,305553
Odisha,Kharif     ,Maize,369778,443034
Odisha,Kharif     ,Mesta,54250,232260
Odisha,Kharif     ,Moong(Green Gram),934517,230278
Odisha,Kharif     ,Niger seed,568430,136830
Odisha,Kharif     ,Other Kharif pulses,96120,50621
Odisha,Kharif     ,Ragi,509998,900997
Odisha,Kharif     ,Rice,13274000,17299000
Odisha,Kharif     ,Sesamum,386262,96922
Odisha,Kharif     ,Small millets,206725,88648
Odisha,Kharif     ,Soyabean,60,10
Odisha,Kharif     ,Sunflower,2730,1510
Odisha,Kharif     ,Sweet potato,34100,292450
Odisha,Kharif     ,Turmeric,28120,61180
Odisha,Kharif     ,Urad,709322,207607
Odisha,Rabi       ,Arhar/Tur,410,240
Odisha,Rabi       ,Castor seed,47776,605574
Odisha,Rabi       ,Coriander,25170,10330
Odisha,Rabi       ,Dry chillies,57420,49620
Odisha,Rabi       ,Garlic,17610,52280
Odisha,Rabi       ,Gram,165181,102881
Odisha,Rabi       ,Groundnut,150020,256770
Odisha,Rabi       ,Horse-gram,290330,96910
Odisha,Rabi       ,Linseed,128306,47699
Odisha,Rabi       ,Maize,22030,28460
Odisha,Rabi       ,Masoor,44470,18570
Odisha,Rabi       ,Moong(Green Gram),441000,175720
Odisha,Rabi       ,Niger seed,241957,70859
Odisha,Rabi       ,Other  Rabi pulses,141740,83729
Odisha,Rabi       ,Ragi,6790,6860
Odisha,Rabi       ,Rapeseed &Mustard,179854,1797089
Odisha,Rabi       ,Safflower,12414,588926
Odisha,Rabi       ,Sesamum,73980,26690
Odisha,Rabi       ,Sunflower,38638,29455
Odisha,Rabi       ,Sweet potato,9780,68770
Odisha,Rabi       ,Urad,285970,105570
Odisha,Rabi       ,Wheat,49253,67964
Odisha,Summer     ,Arhar/Tur,86559,16414
Odisha,Summer     ,Groundnut,582030,775355
Odisha,Summer     ,Horse-gram,3769,1748408
Odisha,Summer     ,Maize,34749,86212
Odisha,Summer     ,Moong(Green Gram),1888120,1776146
Odisha,Summer     ,Paddy,235764,453583
Odisha,Summer     ,Ragi,4596,1168650
Odisha,Summer     ,Rice,12712621,13317546
Odisha,Summer     ,Sesamum,110571,1776077
Odisha,Summer     ,Urad,80246,3524907
Odisha,Summer     ,Wheat,36725,52694
Odisha,Whole Year ,Coriander,83230,39577
Odisha,Whole Year ,Dry chillies,365803,307460
Odisha,Whole Year ,Garlic,50544,159628
Odisha,Whole Year ,Onion,172854,1492182
Odisha,Whole Year ,Potato,47837,488522
Odisha,Whole Year ,Sannhamp,22610,79340
Odisha,Whole Year ,Sugarcane,56505,3219208
Odisha,Whole Year ,Sweet potato,217182,1757007
Odisha,Whole Year ,Tobacco,30650,19067
Odisha,Whole Year ,Turmeric,123010,266758
Odisha,Winter     ,Arhar/Tur,116553,23305
Odisha,Winter     ,Groundnut,44571,48691
Odisha,Winter     ,Horse-gram,907472,846857
Odisha,Winter     ,Maize,22800,636492
Odisha,Winter     ,Moong(Green Gram),1150600,2005915
Odisha,Winter     ,Niger seed,31844,4769
Odisha,Winter     ,Paddy,3434388,4938032
Odisha,Winter     ,Potato,94501,1031497
Odisha,Winter     ,Ragi,531917,935459
Odisha,Winter     ,Rapeseed &Mustard,181667,36957
Odisha,Winter     ,Rice,49910121,80327092
Odisha,Winter     ,Sesamum,408246,666600
Odisha,Winter     ,Sugarcane,236833,14895684
Odisha,Winter     ,Urad,1197313,369636
Puducherry,Autumn     ,Rice,11585,32535
Puducherry,Kharif     ,Arecanut,432,494
Puducherry,Kharif     ,Bajra,1265,2838
Puducherry,Kharif     ,Banana,2464,76267
Puducherry,Kharif     ,Black pepper,82,48
Puducherry,Kharif     ,Brinjal,110,1943
Puducherry,Kharif     ,Cashewnut,1112,649
Puducherry,Kharif     ,Coriander,2,1
Puducherry,Kharif     ,Cotton(lint),3065,11141
Puducherry,Kharif     ,Dry chillies,36,55
Puducherry,Kharif     ,Dry ginger,718,456
Puducherry,Kharif     ,Groundnut,6310,12447
Puducherry,Kharif     ,Jowar,25,35
Puducherry,Kharif     ,Mango,971,14081
Puducherry,Kharif     ,Moong(Green Gram),2482,1402
Puducherry,Kharif     ,Onion,28,456
Puducherry,Kharif     ,Other Cereals & Millets,305,729
Puducherry,Kharif     ,Other Kharif pulses,83,75
Puducherry,Kharif     ,Paddy,7230,35588
Puducherry,Kharif     ,Ragi,1023,2495
Puducherry,Kharif     ,Rice,186664,478841
Puducherry,Kharif     ,Sesamum,477,582854
Puducherry,Kharif     ,Small millets,18,17
Puducherry,Kharif     ,Sugarcane,20949,2745083
Puducherry,Kharif     ,Sunflower,10,7
Puducherry,Kharif     ,Sweet potato,9,582605
Puducherry,Kharif     ,Tapioca,2917,87199
Puducherry,Kharif     ,Turmeric,9,582513
Puducherry,Kharif     ,Urad,3554,2230
Puducherry,Rabi       ,Brinjal,52,631
Puducherry,Rabi       ,Coriander,14,8
Puducherry,Rabi       ,Dry chillies,16,57
Puducherry,Rabi       ,Groundnut,4883,10309
Puducherry,Rabi       ,Moong(Green Gram),11783,587202
Puducherry,Rabi       ,Onion,7,61
Puducherry,Rabi       ,Other  Rabi pulses,582,655
Puducherry,Rabi       ,Other Kharif pulses,38,42
Puducherry,Rabi       ,Ragi,14,30
Puducherry,Rabi       ,Rapeseed &Mustard,198,1465
Puducherry,Rabi       ,Rice,107528,265954
Puducherry,Rabi       ,Sesamum,242,171
Puducherry,Rabi       ,Sweet potato,7,53
Puducherry,Rabi       ,Tapioca,55,1375
Puducherry,Rabi       ,Turmeric,22,38
Puducherry,Rabi       ,Urad,14046,8099
Puducherry,Summer     ,Bajra,89,202
Puducherry,Summer     ,Brinjal,84,1515
Puducherry,Summer     ,Cotton(lint),820,749
Puducherry,Summer     ,Dry chillies,20,69
Puducherry,Summer     ,Groundnut,389,755
Puducherry,Summer     ,Jowar,7,13
Puducherry,Summer     ,Moong(Green Gram),9728,2647
Puducherry,Summer     ,Onion,9,111
Puducherry,Summer     ,Other  Rabi pulses,46,43
Puducherry,Summer     ,Paddy,3769,19433
Puducherry,Summer     ,Ragi,164,379
Puducherry,Summer     ,Rice,54114,155060
Puducherry,Summer     ,Sesamum,1094,1016
Puducherry,Summer     ,Urad,7320,1683
Puducherry,Whole Year ,Arecanut,322,556
Puducherry,Whole Year ,Banana,1918,62533
Puducherry,Whole Year ,Black pepper,84,55
Puducherry,Whole Year ,Brinjal,180,3595
Puducherry,Whole Year ,Cashewnut,1222,885
Puducherry,Whole Year ,Coconut ,30829,379139000
Puducherry,Whole Year ,Coriander,13,9
Puducherry,Whole Year ,Dry chillies,68,186
Puducherry,Whole Year ,Mango,423,6086
Puducherry,Whole Year ,Onion,69,831
Puducherry,Whole Year ,Sugarcane,15058,1406296
Puducherry,Whole Year ,Tapioca,2175,66009
Puducherry,Winter     ,Rice,25306,53568
Punjab,Kharif     ,Arhar/Tur,196700,172500
Punjab,Kharif     ,Bajra,77800,75800
Punjab,Kharif     ,Cotton(lint),8676000,28325000
Punjab,Kharif     ,Groundnut,102300,718204
Punjab,Kharif     ,Guar seed,138116,115672
Punjab,Kharif     ,Jowar,400,400
Punjab,Kharif     ,Maize,2662000,8052000
Punjab,Kharif     ,Moong(Green Gram),396500,294900
Punjab,Kharif     ,Moth,2200,1800
Punjab,Kharif     ,Peas & beans (Pulses),90,120
Punjab,Kharif     ,Rice,48099000,179702000
Punjab,Kharif     ,Sesamum,310600,9425716
Punjab,Kharif     ,Urad,117500,4132735
Punjab,Rabi       ,Barley,368000,1249400
Punjab,Rabi       ,Gram,220900,232000
Punjab,Rabi       ,Linseed,2700,585104
Punjab,Rabi       ,Masoor,90900,1803450
Punjab,Rabi       ,Other  Rabi pulses,5900,6300
Punjab,Rabi       ,Peas & beans (Pulses),100700,1283807
Punjab,Rabi       ,Rapeseed &Mustard,715000,791700
Punjab,Rabi       ,Sunflower,32600,57700
Punjab,Rabi       ,Wheat,62138000,276946000
Punjab,Whole Year ,Cotton(lint),724000,937000
Punjab,Whole Year ,Guar seed,180300,139100
Punjab,Whole Year ,Moong(Green Gram),49300,31700
Punjab,Whole Year ,Sugarcane,1318080,88780000
Rajasthan,Kharif     ,Arhar/Tur,314447,18856906
Rajasthan,Kharif     ,Bajra,67128571,45919866
Rajasthan,Kharif     ,Castor seed,1312968,16524735
Rajasthan,Kharif     ,Cotton(lint),6332426,11396412
Rajasthan,Kharif     ,Dry ginger,2276,2336559
Rajasthan,Kharif     ,Groundnut,4026278,5963030
Rajasthan,Kharif     ,Jowar,8678130,7214309
Rajasthan,Kharif     ,Maize,14366543,19133051
Rajasthan,Kharif     ,Mesta,81,3495056
Rajasthan,Kharif     ,Moong(Green Gram),9770289,5361387
Rajasthan,Kharif     ,Moth,15016851,25588615
Rajasthan,Kharif     ,Onion,19400,111300
Rajasthan,Kharif     ,Other Kharif pulses,1581405,9228395
Rajasthan,Kharif     ,Rice,1883061,2684728
Rajasthan,Kharif     ,Sannhamp,3308,2913314
Rajasthan,Kharif     ,Sesamum,4894716,4186856
Rajasthan,Kharif     ,Small millets,198140,4136789
Rajasthan,Kharif     ,Soyabean,9130082,12399453
Rajasthan,Kharif     ,Sugarcane,22600,1154200
Rajasthan,Kharif     ,Sunflower,743,5243056
Rajasthan,Kharif     ,Urad,1997214,7125504
Rajasthan,Rabi       ,Barley,3128655,7442917
Rajasthan,Rabi       ,Gram,17502681,12672230
Rajasthan,Rabi       ,Linseed,64114,2378176
Rajasthan,Rabi       ,Masoor,329241,3244301
Rajasthan,Rabi       ,Other  Rabi pulses,127596,2470634
Rajasthan,Rabi       ,Peas & beans (Pulses),119948,1400248
Rajasthan,Rabi       ,Rapeseed &Mustard,34982787,38817485
Rajasthan,Rabi       ,Small millets,4403,1169077
Rajasthan,Rabi       ,Sunflower,925,2330462
Rajasthan,Rabi       ,Tobacco,966,1166714
Rajasthan,Rabi       ,Wheat,33613521,94669124
Rajasthan,Rabi       ,other oilseeds,1437291,569189
Rajasthan,Whole Year ,Banana,96,22135131
Rajasthan,Whole Year ,Citrus Fruit,20564,0
Rajasthan,Whole Year ,Coriander,2330663,6032799
Rajasthan,Whole Year ,Dry chillies,316355,2114392
Rajasthan,Whole Year ,Dry ginger,299,415
Rajasthan,Whole Year ,Garlic,267831,8189139
Rajasthan,Whole Year ,Grapes,26,0
Rajasthan,Whole Year ,Guar seed,29939164,27788098
Rajasthan,Whole Year ,Mango,1565,0
Rajasthan,Whole Year ,Oilseeds total,2697,0
Rajasthan,Whole Year ,Onion,465475,4409193
Rajasthan,Whole Year ,Orange,53,0
Rajasthan,Whole Year ,Other Fresh Fruits,12160,0
Rajasthan,Whole Year ,Other Vegetables,100757,0
Rajasthan,Whole Year ,Papaya,294,400
Rajasthan,Whole Year ,Pome Fruit,1733,0
Rajasthan,Whole Year ,Potato,75245,4286507
Rajasthan,Whole Year ,Sannhamp,19433,32045440
Rajasthan,Whole Year ,Sugarcane,133180,6674677
Rajasthan,Whole Year ,Sweet potato,19794,28588203
Rajasthan,Whole Year ,Tapioca,108,264
Rajasthan,Whole Year ,Tobacco,8546,17485938
Rajasthan,Whole Year ,Turmeric,1608,2917261
Rajasthan,Whole Year ,Water Melon,6153,0
Rajasthan,Whole Year ,other fibres,6193,0
Rajasthan,Whole Year ,other oilseeds,303256,309893
Sikkim,Kharif     ,Maize,692234,1323547
Sikkim,Kharif     ,Oilseeds total,80,40
Sikkim,Kharif     ,Other Kharif pulses,44466,49095
Sikkim,Kharif     ,Rice,225617,383136
Sikkim,Kharif     ,Small millets,64864,67141
Sikkim,Kharif     ,Soyabean,67308,58430
Sikkim,Kharif     ,Urad,60748,50114
Sikkim,Kharif     ,other oilseeds,200,114
Sikkim,Rabi       ,Barley,16192,18198
Sikkim,Rabi       ,Other  Rabi pulses,2300,2546
Sikkim,Rabi       ,Other Cereals & Millets,24780,21957
Sikkim,Rabi       ,Rapeseed &Mustard,90028,67705
Sikkim,Rabi       ,Wheat,85264,106540
Sikkim,Whole Year ,Oilseeds total,14000,7000
Sikkim,Whole Year ,Other Fresh Fruits,14690,18190
Sikkim,Whole Year ,Other Vegetables,23590,103620
Sikkim,Whole Year ,Potato,13230,60460
Sikkim,Whole Year ,Pulses total,6700,5595
Sikkim,Whole Year ,Total foodgrain,78068,92247
Sikkim,Whole Year ,other oilseeds,120,60
Tamil Nadu,Kharif     ,Arhar/Tur,598149,421336
Tamil Nadu,Kharif     ,Bajra,1199719,1642119
Tamil Nadu,Kharif     ,Banana,86449,2762324
Tamil Nadu,Kharif     ,Castor seed,142616,5868936
Tamil Nadu,Kharif     ,Cotton(lint),1659724,2922520
Tamil Nadu,Kharif     ,Dry ginger,2792,63285
Tamil Nadu,Kharif     ,Groundnut,6958074,12650403
Tamil Nadu,Kharif     ,Horse-gram,890472,5024226
Tamil Nadu,Kharif     ,Jowar,3572672,3181920
Tamil Nadu,Kharif     ,Jute,3,1165007
Tamil Nadu,Kharif     ,Korra,7751,3640
Tamil Nadu,Kharif     ,Maize,1900664,20805910
Tamil Nadu,Kharif     ,Mesta,577,1167664
Tamil Nadu,Kharif     ,Moong(Green Gram),1531659,643763
Tamil Nadu,Kharif     ,Niger seed,1877,5242531
Tamil Nadu,Kharif     ,Onion,47488,421614
Tamil Nadu,Kharif     ,Other Cereals & Millets,87384,75741
Tamil Nadu,Kharif     ,Other Kharif pulses,555281,702871
Tamil Nadu,Kharif     ,Potato,3875,70206
Tamil Nadu,Kharif     ,Pulses total,1017692,506325
Tamil Nadu,Kharif     ,Ragi,1348190,2470043
Tamil Nadu,Kharif     ,Rice,30126359,94393943
Tamil Nadu,Kharif     ,Samai,42919,31032
Tamil Nadu,Kharif     ,Sannhamp,10,2330014
Tamil Nadu,Kharif     ,Sesamum,971789,486706
Tamil Nadu,Kharif     ,Small millets,637122,2196735
Tamil Nadu,Kharif     ,Soyabean,630,6990042
Tamil Nadu,Kharif     ,Sunflower,142999,157588
Tamil Nadu,Kharif     ,Tobacco,5992,9369
Tamil Nadu,Kharif     ,Total foodgrain,4450978,1017509
Tamil Nadu,Kharif     ,Urad,3063200,1363708
Tamil Nadu,Kharif     ,Varagu,38431,43322
Tamil Nadu,Kharif     ,Wheat,26,2330014
Tamil Nadu,Rabi       ,Bajra,39917,94521
Tamil Nadu,Rabi       ,Cotton(lint),63237,161910
Tamil Nadu,Rabi       ,Gram,61074,2953691
Tamil Nadu,Rabi       ,Groundnut,257329,950440
Tamil Nadu,Rabi       ,Horse-gram,75001,48299
Tamil Nadu,Rabi       ,Jowar,185586,368328
Tamil Nadu,Rabi       ,Maize,261658,1480719
Tamil Nadu,Rabi       ,Moong(Green Gram),170251,137317
Tamil Nadu,Rabi       ,Onion,15883,134505
Tamil Nadu,Rabi       ,Potato,2044,52531
Tamil Nadu,Rabi       ,Ragi,44503,164473
Tamil Nadu,Rabi       ,Rapeseed &Mustard,4245,2331049
Tamil Nadu,Rabi       ,Samai,58471,48503
Tamil Nadu,Rabi       ,Sunflower,5827,5800
Tamil Nadu,Rabi       ,Urad,295256,251946
Tamil Nadu,Rabi       ,Wheat,1036,5825145
Tamil Nadu,Whole Year ,Apple,9,0
Tamil Nadu,Whole Year ,Arecanut,55376,21056420
Tamil Nadu,Whole Year ,Arhar/Tur,279189,1368873
Tamil Nadu,Whole Year ,Ash Gourd,1644,0
Tamil Nadu,Whole Year ,Bajra,405003,1728459
Tamil Nadu,Whole Year ,Banana,1292806,57118770
Tamil Nadu,Whole Year ,Beans & Mutter(Vegetable),4823,0
Tamil Nadu,Whole Year ,Beet Root,1572,0
Tamil Nadu,Whole Year ,Ber,118,0
Tamil Nadu,Whole Year ,Bhindi,10767,77769
Tamil Nadu,Whole Year ,Bitter Gourd,1933,0
Tamil Nadu,Whole Year ,Black pepper,36636,17483376
Tamil Nadu,Whole Year ,Bottle Gourd,207,0
Tamil Nadu,Whole Year ,Brinjal,16825,160400
Tamil Nadu,Whole Year ,Cabbage,3332,201342
Tamil Nadu,Whole Year ,Cardamom,52773,11072314
Tamil Nadu,Whole Year ,Carrot,4304,0
Tamil Nadu,Whole Year ,Cashewnut,1326548,6325858
Tamil Nadu,Whole Year ,Castor seed,95539,5855973
Tamil Nadu,Whole Year ,Cauliflower,890,0
Tamil Nadu,Whole Year ,Citrus Fruit,15654,16843
Tamil Nadu,Whole Year ,Coconut ,3821909,10939490166
Tamil Nadu,Whole Year ,Coriander,316495,8245434
Tamil Nadu,Whole Year ,Cotton(lint),646063,2357655
Tamil Nadu,Whole Year ,Cucumber,1311,0
Tamil Nadu,Whole Year ,Drum Stick,11649,8
Tamil Nadu,Whole Year ,Dry chillies,871351,2231582
Tamil Nadu,Whole Year ,Dry ginger,4905,88586
Tamil Nadu,Whole Year ,Garlic,8833,50749
Tamil Nadu,Whole Year ,Gram,50756,2945266
Tamil Nadu,Whole Year ,Grapes,4928,95558
Tamil Nadu,Whole Year ,Groundnut,2813731,6497564
Tamil Nadu,Whole Year ,Guar seed,332323,3514258
Tamil Nadu,Whole Year ,Horse-gram,265031,2463951
Tamil Nadu,Whole Year ,Jack Fruit,5431,57026
Tamil Nadu,Whole Year ,Jowar,1455676,2519899
Tamil Nadu,Whole Year ,Lab-Lab,4868,0
Tamil Nadu,Whole Year ,Litchi,25,0
Tamil Nadu,Whole Year ,Maize,1010052,5225124
Tamil Nadu,Whole Year ,Mango,226884,1371865
Tamil Nadu,Whole Year ,Moong(Green Gram),840962,2073715
Tamil Nadu,Whole Year ,Onion,378428,4635183
Tamil Nadu,Whole Year ,Orange,5283,9314
Tamil Nadu,Whole Year ,Other Citrus Fruit,4079,0
Tamil Nadu,Whole Year ,Other Fresh Fruits,9290,0
Tamil Nadu,Whole Year ,Other Vegetables,9654,5
Tamil Nadu,Whole Year ,Papaya,696,0
Tamil Nadu,Whole Year ,Peach,42,0
Tamil Nadu,Whole Year ,Pear,2676,0
Tamil Nadu,Whole Year ,Pineapple,1975,61431
Tamil Nadu,Whole Year ,Plums,809,0
Tamil Nadu,Whole Year ,Pome Fruit,17753,107687
Tamil Nadu,Whole Year ,Pome Granet,1165,0
Tamil Nadu,Whole Year ,Potato,56785,959216
Tamil Nadu,Whole Year ,Pulses total,591481,244170
Tamil Nadu,Whole Year ,Pump Kin,1855,0
Tamil Nadu,Whole Year ,Ragi,468636,2037922
Tamil Nadu,Whole Year ,Rapeseed &Mustard,2557,5243149
Tamil Nadu,Whole Year ,Redish,1406,0
Tamil Nadu,Whole Year ,Ribed Guard,714,0
Tamil Nadu,Whole Year ,Rice,2260544,6893730
Tamil Nadu,Whole Year ,Sannhamp,20359,14844
Tamil Nadu,Whole Year ,Sesamum,253370,120792
Tamil Nadu,Whole Year ,Small millets,161304,718133
Tamil Nadu,Whole Year ,Snak Guard,1515,0
Tamil Nadu,Whole Year ,Sugarcane,5284188,848661823
Tamil Nadu,Whole Year ,Sunflower,141934,1377057
Tamil Nadu,Whole Year ,Sweet potato,14065,797713
Tamil Nadu,Whole Year ,Tapioca,1501104,56813656
Tamil Nadu,Whole Year ,Tobacco,68843,1856686
Tamil Nadu,Whole Year ,Tomato,45310,509939
Tamil Nadu,Whole Year ,Total foodgrain,3642130,8103700
Tamil Nadu,Whole Year ,Turmeric,398188,3243666
Tamil Nadu,Whole Year ,Turnip,62,0
Tamil Nadu,Whole Year ,Urad,1608421,1850371
Tamil Nadu,Whole Year ,Water Melon,5459,0
Tamil Nadu,Whole Year ,Yam,1775,0
Telangana ,Kharif     ,Arhar/Tur,4046834,1752232
Telangana ,Kharif     ,Bajra,335577,176366
Telangana ,Kharif     ,Banana,3229,119389
Telangana ,Kharif     ,Cashewnut,8324,5000
Telangana ,Kharif     ,Castor seed,3078262,1185323
Telangana ,Kharif     ,Coconut ,439,9264
Telangana ,Kharif     ,Cotton(lint),16073767,31228434
Telangana ,Kharif     ,Cowpea(Lobia),5636,585629
Telangana ,Kharif     ,Dry chillies,1068520,2704232
Telangana ,Kharif     ,Ginger,3953,29243
Telangana ,Kharif     ,Gram,198,194
Telangana ,Kharif     ,Groundnut,1388681,983316
Telangana ,Kharif     ,Horse-gram,89812,618238
Telangana ,Kharif     ,Jowar,3003180,2776835
Telangana ,Kharif     ,Korra,14980,8690
Telangana ,Kharif     ,Maize,7282168,22124117
Telangana ,Kharif     ,Masoor,242838,87529
Telangana ,Kharif     ,Mesta,2314,600881
Telangana ,Kharif     ,Moong(Green Gram),3818643,2097405
Telangana ,Kharif     ,Niger seed,5110,1985
Telangana ,Kharif     ,Onion,49998,670841
Telangana ,Kharif     ,Other Kharif pulses,55897,1178725
Telangana ,Kharif     ,Ragi,147074,165583
Telangana ,Kharif     ,Rice,15471708,43376442
Telangana ,Kharif     ,Samai,3875,1122
Telangana ,Kharif     ,Sesamum,487307,3011343
Telangana ,Kharif     ,Small millets,18509,1175134
Telangana ,Kharif     ,Soyabean,1174048,1572266
Telangana ,Kharif     ,Sugarcane,118248,9644660
Telangana ,Kharif     ,Sunflower,419407,281359
Telangana ,Kharif     ,Tobacco,23400,26700
Telangana ,Kharif     ,Turmeric,93108,468297
Telangana ,Kharif     ,Urad,1051238,1662932
Telangana ,Kharif     ,Varagu,13,10
Telangana ,Kharif     ,other misc. pulses,4438,1163
Telangana ,Kharif     ,other oilseeds,9959,182085
Telangana ,Rabi       ,Arhar/Tur,54612,1189267
Telangana ,Rabi       ,Bajra,134012,664402
Telangana ,Rabi       ,Castor seed,2358,1540
Telangana ,Rabi       ,Cowpea(Lobia),27611,23425
Telangana ,Rabi       ,Dry chillies,396359,1226972
Telangana ,Rabi       ,Gram,1296935,2186965
Telangana ,Rabi       ,Groundnut,2379501,3667275
Telangana ,Rabi       ,Horse-gram,140646,1787734
Telangana ,Rabi       ,Jowar,2742515,1950420
Telangana ,Rabi       ,Linseed,38269,590982
Telangana ,Rabi       ,Maize,1758576,8435198
Telangana ,Rabi       ,Masoor,2977,1086
Telangana ,Rabi       ,Moong(Green Gram),200759,693833
Telangana ,Rabi       ,Onion,127022,3133266
Telangana ,Rabi       ,Other  Rabi pulses,77668,1775084
Telangana ,Rabi       ,Potato,3037,41069
Telangana ,Rabi       ,Ragi,10162,16952
Telangana ,Rabi       ,Rapeseed &Mustard,5759,1172197
Telangana ,Rabi       ,Rice,8370603,25819234
Telangana ,Rabi       ,Safflower,166840,81367
Telangana ,Rabi       ,Samai,74,38
Telangana ,Rabi       ,Sesamum,339173,675061
Telangana ,Rabi       ,Small millets,5448,584096
Telangana ,Rabi       ,Soyabean,122,165
Telangana ,Rabi       ,Sunflower,237299,793748
Telangana ,Rabi       ,Sweet potato,96,744
Telangana ,Rabi       ,Tobacco,9336,26311
Telangana ,Rabi       ,Urad,273956,720280
Telangana ,Rabi       ,Varagu,13,7
Telangana ,Rabi       ,Wheat,165257,142819
Telangana ,Rabi       ,other misc. pulses,3298,443
Telangana ,Rabi       ,other oilseeds,3533,4078191
Telangana ,Whole Year ,Banana,20685,3395748
Telangana ,Whole Year ,Beans & Mutter(Vegetable),6088,24236
Telangana ,Whole Year ,Bhindi,10151,34510
Telangana ,Whole Year ,Bottle Gourd,879,0
Telangana ,Whole Year ,Brinjal,12066,95447
Telangana ,Whole Year ,Cabbage,1067,0
Telangana ,Whole Year ,Cashewnut,99597,1777083
Telangana ,Whole Year ,Castor seed,79833,56480
Telangana ,Whole Year ,Citrus Fruit,8838,52817
Telangana ,Whole Year ,Coconut ,10153,105663728
Telangana ,Whole Year ,Coriander,72864,32973
Telangana ,Whole Year ,Cucumber,4288,0
Telangana ,Whole Year ,Dry chillies,120639,233959
Telangana ,Whole Year ,Dry ginger,15499,117108
Telangana ,Whole Year ,Garlic,2764,4663478
Telangana ,Whole Year ,Ginger,1722,20051
Telangana ,Whole Year ,Grapes,3091,59249
Telangana ,Whole Year ,Linseed,45,18
Telangana ,Whole Year ,Mango,141848,357116
Telangana ,Whole Year ,Onion,12624,204366
Telangana ,Whole Year ,Orange,40486,475841
Telangana ,Whole Year ,Other Dry Fruit,7,0
Telangana ,Whole Year ,Other Fresh Fruits,1956,2253
Telangana ,Whole Year ,Other Vegetables,31308,0
Telangana ,Whole Year ,Papaya,564,61959
Telangana ,Whole Year ,Peas  (vegetable),162,0
Telangana ,Whole Year ,Pome Fruit,8087,65452
Telangana ,Whole Year ,Potato,31133,306748
Telangana ,Whole Year ,Safflower,7867,5573
Telangana ,Whole Year ,Soyabean,242452,390328
Telangana ,Whole Year ,Sugarcane,693709,53519868
Telangana ,Whole Year ,Sunflower,353948,352424
Telangana ,Whole Year ,Sweet potato,1386,11768
Telangana ,Whole Year ,Tapioca,78,518
Telangana ,Whole Year ,Tobacco,146046,1468274
Telangana ,Whole Year ,Tomato,51005,302641
Telangana ,Whole Year ,Turmeric,551126,3187993
Telangana ,Whole Year ,other fibres,45,0
Tripura,Kharif     ,Arhar/Tur,18498,13326
Tripura,Kharif     ,Cotton(lint),17566,23125
Tripura,Kharif     ,Groundnut,5124,5361
Tripura,Kharif     ,Jute,7835,64223
Tripura,Kharif     ,Jute & mesta,8129,66990
Tripura,Kharif     ,Maize,45259,50540
Tripura,Kharif     ,Mesta,11566,87516
Tripura,Kharif     ,Moong(Green Gram),6344,3345
Tripura,Kharif     ,Other Kharif pulses,27199,17732
Tripura,Kharif     ,Rice,4288487,10685011
Tripura,Kharif     ,Sesamum,23418,12652
Tripura,Kharif     ,Urad,12041,7062
Tripura,Rabi       ,Gram,1758,1323
Tripura,Rabi       ,Groundnut,3589,3954
Tripura,Rabi       ,Masoor,8050,5614
Tripura,Rabi       ,Moong(Green Gram),4052,2218
Tripura,Rabi       ,Other  Rabi pulses,12261,9806
Tripura,Rabi       ,Peas & beans (Pulses),11521,8711
Tripura,Rabi       ,Rapeseed &Mustard,28167,22235
Tripura,Rabi       ,Urad,5223,3393
Tripura,Rabi       ,Wheat,13657,26804
Tripura,Whole Year ,Jute & mesta,5767,45325
Tripura,Whole Year ,Oilseeds total,26690,18800
Tripura,Whole Year ,Potato,27910,513785
Tripura,Whole Year ,Sugarcane,16495,820546
Tripura,Whole Year ,other oilseeds,5003,3520
Uttar Pradesh,Kharif     ,Arhar/Tur,5431681,5415396
Uttar Pradesh,Kharif     ,Bajra,15790178,24421607
Uttar Pradesh,Kharif     ,Castor seed,124,81
Uttar Pradesh,Kharif     ,Cotton(lint),79793,9350824
Uttar Pradesh,Kharif     ,Dry chillies,113387,99321
Uttar Pradesh,Kharif     ,Dry ginger,6892,607115
Uttar Pradesh,Kharif     ,Ginger,944,4354
Uttar Pradesh,Kharif     ,Groundnut,1710951,1372333
Uttar Pradesh,Kharif     ,Guar seed,19031,15753
Uttar Pradesh,Kharif     ,Jowar,4553216,4374182
Uttar Pradesh,Kharif     ,Jute,134,105
Uttar Pradesh,Kharif     ,Maize,14508396,23256839
Uttar Pradesh,Kharif     ,Moong(Green Gram),488130,8892701
Uttar Pradesh,Kharif     ,Moth,1505,2913127
Uttar Pradesh,Kharif     ,Oilseeds total,916298,563081
Uttar Pradesh,Kharif     ,Onion,18848,195775
Uttar Pradesh,Kharif     ,Other Kharif pulses,606775,330090
Uttar Pradesh,Kharif     ,Ragi,353,450
Uttar Pradesh,Kharif     ,Rice,103140459,218214182
Uttar Pradesh,Kharif     ,Sannhamp,28585,12823571
Uttar Pradesh,Kharif     ,Sesamum,3264172,6965744
Uttar Pradesh,Kharif     ,Small millets,329373,3709050
Uttar Pradesh,Kharif     ,Soyabean,312942,2577243
Uttar Pradesh,Kharif     ,Sugarcane,23607147,1408297270
Uttar Pradesh,Kharif     ,Sunflower,38814,59189
Uttar Pradesh,Kharif     ,Sweet potato,156388,2031340
Uttar Pradesh,Kharif     ,Total foodgrain,15196497,30587158
Uttar Pradesh,Kharif     ,Urad,6258202,2947674
Uttar Pradesh,Rabi       ,Barley,3849517,8594791
Uttar Pradesh,Rabi       ,Castor seed,36,582528
Uttar Pradesh,Rabi       ,Coriander,44502,607027
Uttar Pradesh,Rabi       ,Garlic,241421,1299984
Uttar Pradesh,Rabi       ,Gram,12557956,12121308
Uttar Pradesh,Rabi       ,Linseed,738715,10213735
Uttar Pradesh,Rabi       ,Maize,131934,293758
Uttar Pradesh,Rabi       ,Masoor,8207558,6229900
Uttar Pradesh,Rabi       ,Moong(Green Gram),91679,42218
Uttar Pradesh,Rabi       ,Onion,109487,1888696
Uttar Pradesh,Rabi       ,Other  Rabi pulses,739695,705965
Uttar Pradesh,Rabi       ,Peas & beans (Pulses),4684938,5470940
Uttar Pradesh,Rabi       ,Potato,5730081,129602135
Uttar Pradesh,Rabi       ,Ragi,1243,1919
Uttar Pradesh,Rabi       ,Rapeseed &Mustard,11137326,11259735
Uttar Pradesh,Rabi       ,Sunflower,51546,66294
Uttar Pradesh,Rabi       ,Tobacco,222779,1179827
Uttar Pradesh,Rabi       ,Turmeric,15112,45006
Uttar Pradesh,Rabi       ,Urad,123440,58640
Uttar Pradesh,Rabi       ,Wheat,168614377,469911750
Uttar Pradesh,Summer     ,Banana,13938,597180
Uttar Pradesh,Summer     ,Maize,357780,574065
Uttar Pradesh,Summer     ,Moong(Green Gram),618922,389545
Uttar Pradesh,Summer     ,Onion,109098,1336367
Uttar Pradesh,Summer     ,Rice,239872,579177
Uttar Pradesh,Summer     ,Small millets,152,191
Uttar Pradesh,Summer     ,Sunflower,86106,145065
Uttar Pradesh,Summer     ,Tobacco,4406,13274
Uttar Pradesh,Summer     ,Urad,722126,985026
Uttar Pradesh,Whole Year ,Banana,5608,212312
Uttar Pradesh,Whole Year ,Coriander,11106,6069
Uttar Pradesh,Whole Year ,Dry chillies,49097,45004
Uttar Pradesh,Whole Year ,Garlic,63096,274058
Uttar Pradesh,Whole Year ,Guar seed,7282,6065
Uttar Pradesh,Whole Year ,Moth,201,83
Uttar Pradesh,Whole Year ,Onion,94582,1205944
Uttar Pradesh,Whole Year ,Peas & beans (Pulses),405066,560444
Uttar Pradesh,Whole Year ,Potato,2891958,62466266
Uttar Pradesh,Whole Year ,Sannhamp,17287,6995896
Uttar Pradesh,Whole Year ,Sugarcane,13862820,794577620
Uttar Pradesh,Whole Year ,Sweet potato,43572,524952
Uttar Pradesh,Whole Year ,Tobacco,148364,937601
Uttar Pradesh,Whole Year ,Turmeric,6634,11660
Uttarakhand,Kharif     ,Arhar/Tur,32645,604942
Uttarakhand,Kharif     ,Bajra,140,157
Uttarakhand,Kharif     ,Dry chillies,5671,2000
Uttarakhand,Kharif     ,Ginger,2081,24774
Uttarakhand,Kharif     ,Groundnut,20687,22188
Uttarakhand,Kharif     ,Horse-gram,140708,99373
Uttarakhand,Kharif     ,Jowar,3,2
Uttarakhand,Kharif     ,Maize,420091,605469
Uttarakhand,Kharif     ,Moong(Green Gram),414,2330198
Uttarakhand,Kharif     ,Moth,557,582709
Uttarakhand,Kharif     ,Other Cereals & Millets,470747,512160
Uttarakhand,Kharif     ,Other Kharif pulses,179467,716025
Uttarakhand,Kharif     ,Potato,94858,1155930
Uttarakhand,Kharif     ,Pulses total,45470,37635
Uttarakhand,Kharif     ,Ragi,1817201,2375091
Uttarakhand,Kharif     ,Rice,4027389,8101593
Uttarakhand,Kharif     ,Sesamum,29930,588848
Uttarakhand,Kharif     ,Small millets,606499,690884
Uttarakhand,Kharif     ,Soyabean,149859,191586
Uttarakhand,Kharif     ,Sugarcane,100737,6108965
Uttarakhand,Kharif     ,Sunflower,1286,1166344
Uttarakhand,Kharif     ,Total foodgrain,480744,873219
Uttarakhand,Kharif     ,Urad,165557,106775
Uttarakhand,Kharif     ,other oilseeds,4642,1167682
Uttarakhand,Rabi       ,Barley,346279,391260
Uttarakhand,Rabi       ,Gram,11760,2921060
Uttarakhand,Rabi       ,Lentil,10417,7352
Uttarakhand,Rabi       ,Linseed,37622,1181246
Uttarakhand,Rabi       ,Maize,478,583277
Uttarakhand,Rabi       ,Masoor,179448,106339
Uttarakhand,Rabi       ,Moong(Green Gram),271,87
Uttarakhand,Rabi       ,Onion,8497,87690
Uttarakhand,Rabi       ,Other  Rabi pulses,1812,7573437
Uttarakhand,Rabi       ,Other Cereals & Millets,9695,1756778
Uttarakhand,Rabi       ,Peas & beans (Pulses),71234,645469
Uttarakhand,Rabi       ,Potato,70018,969677
Uttarakhand,Rabi       ,Pulses total,20864,16855
Uttarakhand,Rabi       ,Rapeseed &Mustard,194720,137325
Uttarakhand,Rabi       ,Rice,49888,736597
Uttarakhand,Rabi       ,Small millets,4,5
Uttarakhand,Rabi       ,Total foodgrain,382132,700620
Uttarakhand,Rabi       ,Urad,3529,2331513
Uttarakhand,Rabi       ,Wheat,5544511,11632116
Uttarakhand,Rabi       ,other oilseeds,8506,4082267
Uttarakhand,Summer     ,Maize,656,1230
Uttarakhand,Summer     ,Moong(Green Gram),34615,602527
Uttarakhand,Summer     ,Onion,11216,125394
Uttarakhand,Summer     ,Pulses total,97,55
Uttarakhand,Summer     ,Rice,99849,338933
Uttarakhand,Summer     ,Total foodgrain,12505,39126
Uttarakhand,Summer     ,Urad,1884,583248
Uttarakhand,Whole Year ,Dry ginger,20585,1945097
Uttarakhand,Whole Year ,Garlic,10954,7591917
Uttarakhand,Whole Year ,Ginger,7930,82419
Uttarakhand,Whole Year ,Onion,31107,193509
Uttarakhand,Whole Year ,Potato,45894,686114
Uttarakhand,Whole Year ,Pulses total,66431,54545
Uttarakhand,Whole Year ,Rice,260092,600860
Uttarakhand,Whole Year ,Sannhamp,4007,1262
Uttarakhand,Whole Year ,Sugarcane,1554851,92793771
Uttarakhand,Whole Year ,Sunflower,40,43
Uttarakhand,Whole Year ,Tobacco,1118,1169967
Uttarakhand,Whole Year ,Total foodgrain,875381,1612965
Uttarakhand,Whole Year ,Turmeric,4899,1186608
West Bengal,Autumn     ,Dry chillies,34837,29590
West Bengal,Autumn     ,Groundnut,11574,10429
West Bengal,Autumn     ,Jowar,76,28
West Bengal,Autumn     ,Maize,269224,674258
West Bengal,Autumn     ,Ragi,76465,87335
West Bengal,Autumn     ,Rice,5495972,11204695
West Bengal,Autumn     ,Sannhamp,1448,7810
West Bengal,Autumn     ,Sesamum,10572,6638
West Bengal,Autumn     ,Small millets,3063,2120
West Bengal,Kharif     ,Arhar/Tur,24925,19378
West Bengal,Kharif     ,Bajra,2802,1612
West Bengal,Kharif     ,Castor seed,804,615
West Bengal,Kharif     ,Cotton(lint),54770,117142
West Bengal,Kharif     ,Dry ginger,102093,209086
West Bengal,Kharif     ,Garlic,3414,33728
West Bengal,Kharif     ,Groundnut,17851,15475
West Bengal,Kharif     ,Horse-gram,13918,6668
West Bengal,Kharif     ,Jowar,15822,7612
West Bengal,Kharif     ,Jute,10798065,147825671
West Bengal,Kharif     ,Khesari,584,507
West Bengal,Kharif     ,Maize,481855,1270641
West Bengal,Kharif     ,Mesta,152973,1592173
West Bengal,Kharif     ,Moong(Green Gram),16497,593182
West Bengal,Kharif     ,Moth,16,14
West Bengal,Kharif     ,Niger seed,90468,55417
West Bengal,Kharif     ,Other Kharif pulses,15602,8948
West Bengal,Kharif     ,Ragi,128875,152005
West Bengal,Kharif     ,Sannhamp,6708,31849
West Bengal,Kharif     ,Small millets,32684,21016
West Bengal,Kharif     ,Soyabean,10778,7009
West Bengal,Kharif     ,Sunflower,118282,141789
West Bengal,Kharif     ,Urad,944906,1180299
West Bengal,Rabi       ,Arhar/Tur,15605,598428
West Bengal,Rabi       ,Barley,48435,57161
West Bengal,Rabi       ,Castor seed,202,167
West Bengal,Rabi       ,Dry chillies,89996,84887
West Bengal,Rabi       ,Gram,574372,544573
West Bengal,Rabi       ,Groundnut,137700,233092
West Bengal,Rabi       ,Horse-gram,43074,21518
West Bengal,Rabi       ,Khesari,548448,1704623
West Bengal,Rabi       ,Linseed,112189,2949906
West Bengal,Rabi       ,Maize,230417,1186253
West Bengal,Rabi       ,Masoor,1108092,1423964
West Bengal,Rabi       ,Moong(Green Gram),34750,22177
West Bengal,Rabi       ,Moth,15,13
West Bengal,Rabi       ,Oilseeds total,50808100,38657300
West Bengal,Rabi       ,Other  Rabi pulses,1577,674
West Bengal,Rabi       ,Peas & beans (Pulses),188703,758147
West Bengal,Rabi       ,Potato,2373712,71383118
West Bengal,Rabi       ,Ragi,11079,11870
West Bengal,Rabi       ,Rapeseed &Mustard,7131348,7613722
West Bengal,Rabi       ,Safflower,6943,5709
West Bengal,Rabi       ,Sannhamp,107,298
West Bengal,Rabi       ,Small millets,15893,18897
West Bengal,Rabi       ,Urad,204317,158535
West Bengal,Rabi       ,Wheat,6503131,15785272
West Bengal,Summer     ,Groundnut,553757,1095471
West Bengal,Summer     ,Maize,336651,1488272
West Bengal,Summer     ,Moong(Green Gram),231205,707907
West Bengal,Summer     ,Potato,19535,241671
West Bengal,Summer     ,Rice,24749761,77677113
West Bengal,Summer     ,Sesamum,1782173,1542963
West Bengal,Whole Year ,Arecanut,115797,861244
West Bengal,Whole Year ,Arhar/Tur,3630,2181
West Bengal,Whole Year ,Barley,6116,5034
West Bengal,Whole Year ,Cardamom,23043,5612
West Bengal,Whole Year ,Castor seed,660,46
West Bengal,Whole Year ,Coconut ,304317,717841216
West Bengal,Whole Year ,Dry chillies,593368,656874
West Bengal,Whole Year ,Groundnut,212452,326497
West Bengal,Whole Year ,Jowar,948,450
West Bengal,Whole Year ,Linseed,16486,4210
West Bengal,Whole Year ,Maize,35469,130390
West Bengal,Whole Year ,Niger seed,6512,3522
West Bengal,Whole Year ,Potato,3379839,69031359
West Bengal,Whole Year ,Pulses total,19332388,14150679
West Bengal,Whole Year ,Rapeseed &Mustard,327123,250950
West Bengal,Whole Year ,Safflower,10800,3000
West Bengal,Whole Year ,Sannhamp,13573,68004
West Bengal,Whole Year ,Sesamum,1104677,947765
West Bengal,Whole Year ,Small millets,5046,3222
West Bengal,Whole Year ,Sugarcane,330574,27538321
West Bengal,Whole Year ,Sunflower,278,1
West Bengal,Whole Year ,Tobacco,202893,259815
West Bengal,Whole Year ,Turmeric,157547,304953
West Bengal,Winter     ,Potato,660279,14320762
West Bengal,Winter     ,Rice,71747721,169211041
West Bengal,Winter     ,Sesamum,14502,8862
