Crop Name,Nitrogen (N),Phosphorus (P),Potassium (K),Temperature (Â°C),Humidity (%),pH,Soil Type,Required Water (mm per acre)
Cotton,66,22,87,38,63,8.2,Silty,810
Cotton,246,33,55,32,96,6.6,Peaty,1200
Rice,148,99,58,29,68,4.2,Chalky,635
Rice,244,98,149,38,50,6.2,Peaty,584
Rice,75,60,28,31,44,7.0,Silty,1040
Soybean,78,29,86,24,72,6.4,Peaty,1210
Soybean,140,63,56,31,42,4.3,Loamy,925
Sugarcane,172,65,88,21,21,4.6,Peaty,1290
Barley,135,39,24,32,97,7.5,Sandy,347
Rice,152,79,111,23,30,8.9,Sandy,1124
Millets,98,67,35,13,43,7.6,Chalky,497
Millets,251,79,29,19,34,7.9,Loamy,1459
Groundnut,114,88,109,12,36,8.8,Peaty,689
Rice,82,47,92,13,52,8.2,Sandy,1273
Cotton,97,46,141,30,63,8.0,Silty,384
Sugarcane,284,45,34,26,44,6.7,Chalky,345
Pulses,107,79,144,26,46,5.2,Clay,532
Maize,71,97,123,36,39,5.4,Clay,1379
Pulses,281,98,117,19,52,6.9,Loamy,765
Maize,195,62,27,30,93,4.1,Sandy,455
Maize,179,22,23,23,53,5.9,Chalky,570
Barley,294,92,74,21,80,8.5,Chalky,530
Cotton,125,81,59,40,93,6.2,Clay,1070
Sugarcane,54,83,111,32,93,5.4,Chalky,1378
Pulses,93,80,136,22,40,8.2,Chalky,768
Maize,172,62,98,30,29,7.7,Peaty,552
Soybean,94,79,96,17,76,5.1,Silty,844
Cotton,131,58,50,19,54,5.6,Loamy,514
Sugarcane,71,30,99,13,61,4.8,Loamy,1088
Groundnut,66,85,66,21,61,5.2,Chalky,344
Pulses,183,67,53,39,97,4.6,Chalky,1126
Groundnut,279,50,136,12,94,4.4,Peaty,528
Maize,227,91,149,20,81,5.7,Chalky,445
Maize,112,55,42,17,26,8.5,Sandy,673
Rice,69,50,85,13,35,8.0,Chalky,1482
Wheat,55,26,28,29,62,8.7,Chalky,654
Rice,221,75,71,15,35,8.3,Silty,928
Soybean,274,53,75,28,40,5.6,Loamy,1043
Groundnut,271,82,49,28,51,6.0,Peaty,542
Cotton,210,38,75,31,51,6.2,Sandy,564
Wheat,224,33,84,18,22,6.0,Chalky,1376
Barley,145,76,147,30,73,6.7,Peaty,1262
Wheat,99,100,139,36,83,5.9,Loamy,1214
Rice,288,96,126,24,78,5.2,Clay,1037
Sugarcane,53,82,81,15,99,8.4,Clay,1341
Maize,191,50,53,37,36,7.8,Peaty,622
Sugarcane,89,22,73,40,31,4.5,Clay,667
Millets,290,37,42,15,35,5.6,Clay,658
Barley,276,86,35,22,91,5.9,Peaty,637
Wheat,160,76,110,33,53,6.8,Chalky,902
Wheat,126,38,109,38,30,6.7,Loamy,1030
Maize,235,20,144,31,74,8.3,Peaty,767
Rice,52,55,92,13,89,7.7,Clay,404
Millets,285,38,52,39,21,4.6,Chalky,814
Cotton,221,70,72,27,46,7.5,Loamy,846
Cotton,60,46,147,20,22,8.5,Loamy,488
Pulses,217,68,131,35,53,9.0,Clay,1081
Groundnut,197,21,50,34,70,8.3,Peaty,528
Cotton,279,77,85,18,85,8.3,Clay,706
Soybean,182,33,108,25,78,8.4,Silty,1389
Rice,114,95,110,33,28,7.2,Peaty,1038
Millets,68,24,106,28,81,6.3,Loamy,1490
Maize,81,94,99,35,97,4.9,Sandy,830
Cotton,124,39,124,26,62,6.8,Loamy,1368
Millets,188,49,147,36,69,7.5,Sandy,320
Wheat,188,87,21,31,83,7.9,Sandy,593
Maize,240,31,127,38,91,7.3,Silty,1294
Maize,273,88,71,32,60,6.7,Clay,1237
Cotton,161,20,60,30,41,6.6,Silty,493
Cotton,212,63,93,17,55,5.9,Peaty,989
Millets,299,97,20,11,40,4.9,Sandy,320
Maize,162,87,105,24,77,5.9,Sandy,1290
Groundnut,247,31,103,19,49,6.7,Clay,890
Rice,185,67,89,29,35,7.8,Peaty,482
Rice,260,35,59,36,39,8.9,Peaty,1461
Sugarcane,208,23,106,33,35,6.9,Peaty,771
Millets,268,23,133,19,73,8.5,Chalky,1082
Millets,296,33,150,31,65,8.7,Chalky,1170
Maize,235,49,80,14,96,8.5,Clay,1245
Maize,270,47,51,29,61,7.0,Silty,1142
Soybean,150,74,70,31,52,7.7,Chalky,1259
Millets,260,49,133,12,34,9.0,Chalky,559
Groundnut,63,39,36,28,39,5.4,Silty,1342
Rice,65,41,138,31,83,5.6,Clay,504
Millets,134,51,147,28,72,4.2,Loamy,1249
Groundnut,88,49,100,12,36,5.8,Peaty,313
Cotton,65,72,135,29,36,7.6,Clay,732
Cotton,111,80,86,34,59,5.7,Silty,1121
Rice,195,90,47,37,98,5.8,Peaty,375
Cotton,149,73,99,18,96,8.6,Chalky,1112
Rice,67,55,77,18,56,5.7,Peaty,320
Maize,196,53,109,16,81,4.4,Loamy,1093
Sugarcane,131,26,73,33,46,4.7,Chalky,585
Soybean,173,71,125,34,65,6.1,Silty,1128
Rice,212,22,118,40,63,4.3,Chalky,1235
Pulses,196,87,124,20,82,6.3,Chalky,1160
Cotton,270,44,49,16,26,5.6,Peaty,1239
Rice,184,46,84,39,26,7.8,Silty,834
Millets,147,79,45,38,48,6.4,Peaty,714
Millets,285,42,62,21,68,8.3,Clay,822
Rice,101,63,23,24,40,6.1,Clay,509
Maize,243,91,58,39,34,7.2,Peaty,861
Groundnut,146,32,114,25,52,6.7,Peaty,1346
Barley,134,69,107,15,34,4.3,Chalky,469
Cotton,207,34,40,14,31,6.2,Chalky,684
Sugarcane,125,62,32,32,100,6.1,Silty,1240
Cotton,100,42,135,29,96,8.8,Loamy,1349
Sugarcane,248,87,46,32,71,4.1,Sandy,1093
Rice,97,99,70,30,49,8.0,Silty,424
Soybean,178,40,126,13,93,7.5,Loamy,409
Cotton,154,47,98,16,61,8.5,Silty,1197
Rice,249,90,63,40,80,6.1,Clay,984
Sugarcane,292,95,58,17,25,4.5,Clay,540
Millets,62,37,54,13,70,5.1,Sandy,713
Groundnut,255,83,134,37,96,6.9,Peaty,967
Soybean,175,48,81,11,64,7.5,Silty,526
Barley,65,68,103,18,28,4.9,Sandy,1168
Millets,85,66,124,21,53,8.8,Sandy,803
Sugarcane,156,53,65,18,69,4.5,Loamy,1157
Millets,227,59,135,13,53,7.4,Peaty,466
Barley,89,100,94,39,91,4.6,Sandy,1296
Millets,208,34,142,34,42,4.5,Silty,857
Wheat,107,56,52,32,60,6.6,Loamy,549
Pulses,217,91,81,13,46,4.6,Loamy,1488
Barley,100,43,103,40,75,5.2,Sandy,1139
Pulses,264,42,112,16,78,7.8,Sandy,1188
Pulses,290,80,33,34,77,7.3,Loamy,1033
Pulses,240,61,116,18,81,8.3,Silty,609
Millets,201,95,113,34,99,7.7,Loamy,1380
Groundnut,295,21,52,32,58,8.1,Loamy,426
Millets,55,28,128,14,70,4.7,Clay,891
Maize,224,60,125,25,26,7.9,Loamy,796
Groundnut,92,37,85,33,85,7.4,Silty,760
Maize,300,59,55,22,79,6.7,Loamy,528
Barley,105,29,20,19,97,7.8,Silty,339
Sugarcane,277,57,141,20,92,6.0,Loamy,469
Groundnut,160,23,121,18,82,5.1,Loamy,1405
Maize,264,37,131,13,76,6.2,Loamy,530
Pulses,281,80,41,32,73,5.8,Peaty,752
Soybean,129,49,150,36,64,5.8,Clay,833
Rice,245,51,66,15,98,7.6,Silty,744
Groundnut,238,90,101,26,23,7.8,Peaty,511
Wheat,64,90,147,23,35,8.9,Sandy,1308
Maize,108,68,64,13,87,6.2,Silty,1182
Cotton,148,57,90,12,82,8.6,Silty,365
Wheat,107,37,21,24,99,5.0,Chalky,733
Sugarcane,100,30,119,30,60,5.2,Peaty,1417
Sugarcane,149,81,37,33,34,7.0,Loamy,557
Millets,170,86,131,40,21,7.0,Clay,962
Groundnut,92,88,138,28,50,5.7,Loamy,357
Soybean,227,21,49,11,91,6.2,Chalky,472
Wheat,58,40,106,18,30,6.8,Silty,1078
Soybean,132,98,92,30,87,8.4,Chalky,1013
Groundnut,276,66,77,31,79,6.2,Silty,428
Wheat,76,81,45,39,62,6.1,Loamy,481
Pulses,185,30,109,22,30,7.8,Sandy,618
Millets,251,37,28,17,39,4.1,Loamy,1261
Soybean,221,82,26,19,30,7.5,Chalky,803
Maize,157,66,69,21,85,6.8,Chalky,776
Maize,112,71,149,22,72,7.6,Chalky,600
Cotton,176,100,59,19,24,6.0,Chalky,506
Cotton,64,91,96,20,97,8.6,Chalky,380
Barley,86,60,78,21,22,6.6,Silty,1294
Barley,57,95,70,31,29,4.7,Peaty,1108
Pulses,267,21,134,34,91,6.2,Silty,823
Wheat,279,62,104,25,72,5.7,Chalky,976
Maize,86,21,131,39,84,6.1,Clay,1353
Maize,298,64,145,39,32,8.0,Peaty,1150
Barley,227,57,64,37,41,4.1,Clay,702
Cotton,110,70,121,32,33,7.1,Loamy,1141
Millets,62,94,21,20,81,7.2,Chalky,888
Sugarcane,141,68,101,37,69,9.0,Clay,1474
Rice,251,28,55,34,93,5.2,Silty,583
Barley,83,72,148,24,53,7.7,Chalky,330
Soybean,233,36,39,11,49,5.9,Silty,612
Cotton,91,48,20,27,46,7.0,Loamy,1029
Millets,277,96,63,35,34,6.8,Silty,986
Rice,183,85,147,15,63,6.5,Sandy,717
Cotton,154,83,123,29,76,7.8,Peaty,1350
Soybean,195,25,70,23,42,8.1,Clay,507
Soybean,74,73,106,38,70,6.9,Sandy,1235
Maize,73,96,95,14,58,9.0,Sandy,1488
Barley,228,69,34,15,22,8.5,Chalky,687
Barley,99,46,94,23,21,4.4,Clay,757
Maize,51,99,108,18,32,6.9,Silty,649
Wheat,153,50,145,30,73,6.1,Peaty,321
Millets,97,83,117,40,67,7.9,Peaty,472
Sugarcane,186,92,25,26,71,7.9,Chalky,1375
Millets,239,65,91,21,91,7.8,Chalky,634
Groundnut,225,53,129,34,61,4.0,Peaty,1136
Millets,79,44,85,38,100,8.8,Loamy,636
Cotton,102,70,128,36,84,8.5,Sandy,1130
Rice,282,23,79,15,85,8.7,Clay,1197
Barley,89,74,50,23,62,7.2,Chalky,623
Maize,230,78,123,40,22,5.0,Peaty,1089
Pulses,297,44,134,16,23,6.4,Clay,609
Barley,125,92,147,38,90,5.5,Loamy,500
Pulses,294,47,54,40,99,7.4,Clay,1466
Cotton,128,56,130,25,52,7.7,Loamy,698
Cotton,171,27,38,19,68,4.1,Clay,1155
Wheat,234,99,117,19,70,7.9,Peaty,625
Pulses,196,45,107,26,82,4.5,Chalky,1318
Pulses,72,20,41,26,67,8.1,Loamy,705
Barley,180,59,23,26,85,7.1,Peaty,1218
Cotton,215,60,57,15,79,8.2,Loamy,1330
Soybean,73,24,49,23,100,5.6,Loamy,1217
Cotton,190,72,32,11,92,8.4,Peaty,1301
Sugarcane,218,54,62,15,36,8.5,Chalky,1296
Pulses,247,40,124,18,85,8.7,Peaty,956
Groundnut,67,29,23,12,33,7.4,Clay,1417
Wheat,201,56,66,13,71,9.0,Silty,349
Barley,226,47,100,21,61,4.2,Sandy,326
Cotton,123,68,130,20,95,5.1,Peaty,1183
Wheat,98,92,96,34,38,6.8,Loamy,1156
Barley,286,39,117,36,100,4.5,Sandy,334
Barley,127,25,96,28,24,6.1,Clay,889
Millets,193,98,28,23,75,5.2,Clay,1461
Rice,174,78,111,13,76,8.5,Clay,1231
Soybean,160,53,59,39,64,4.4,Sandy,1348
Millets,232,34,22,37,30,6.4,Clay,429
Millets,86,85,28,40,51,7.3,Loamy,910
Millets,94,70,61,12,57,5.2,Peaty,1135
Maize,299,35,81,21,93,4.1,Peaty,364
Maize,57,61,31,32,49,6.3,Silty,1226
Maize,58,51,136,17,56,5.1,Peaty,1076
Wheat,172,43,49,39,46,4.6,Peaty,1172
Wheat,136,69,53,15,83,4.7,Loamy,437
Pulses,174,41,49,29,54,6.6,Chalky,344
Sugarcane,222,49,40,22,33,4.7,Peaty,382
Millets,230,43,142,12,83,4.4,Clay,1001
Sugarcane,238,56,42,21,92,8.9,Chalky,421
Wheat,195,69,78,12,77,5.4,Chalky,808
Millets,146,74,81,38,54,7.7,Peaty,750
Soybean,298,22,58,27,84,7.6,Loamy,385
Soybean,141,59,52,14,37,8.6,Loamy,345
Barley,86,80,44,25,75,4.9,Clay,1377
Maize,147,22,111,18,50,5.0,Loamy,1415
Barley,221,78,66,36,81,5.0,Clay,1254
Wheat,247,68,63,23,85,5.8,Chalky,785
Barley,162,90,107,14,41,5.0,Sandy,542
Barley,214,89,150,33,28,7.9,Clay,1112
Rice,80,65,47,16,53,5.2,Clay,726
Pulses,76,46,76,22,39,7.6,Peaty,1171
Rice,268,27,113,36,100,7.7,Clay,345
Rice,136,42,84,14,77,8.5,Chalky,1424
Rice,154,82,91,37,49,7.0,Silty,1365
Pulses,245,56,92,33,26,4.7,Silty,1219
Cotton,180,45,90,33,68,6.4,Silty,877
Pulses,294,46,118,31,53,8.4,Sandy,1216
Maize,192,80,50,25,59,4.9,Chalky,1327
Cotton,198,24,100,15,85,8.2,Sandy,638
Rice,288,56,149,19,38,4.8,Chalky,992
Soybean,52,99,115,35,23,4.9,Chalky,884
Pulses,170,97,63,15,72,4.2,Sandy,348
Millets,175,48,37,12,50,7.4,Chalky,1333
Millets,101,87,68,26,24,4.2,Peaty,1308
Sugarcane,293,22,100,17,51,8.5,Clay,1042
Sugarcane,71,32,126,25,38,6.1,Chalky,536
Pulses,115,99,150,22,28,6.0,Loamy,775
Barley,271,40,90,30,86,6.7,Sandy,384
Millets,199,97,59,19,94,5.1,Clay,363
Sugarcane,287,48,70,27,43,8.3,Clay,773
Cotton,267,52,99,15,67,4.4,Clay,562
Cotton,211,96,125,21,55,8.3,Loamy,532
Groundnut,177,56,61,32,89,4.5,Silty,1474
Barley,203,24,30,12,71,5.2,Chalky,1115
Groundnut,224,57,27,12,46,6.9,Clay,771
Groundnut,277,86,145,16,32,4.6,Chalky,493
Soybean,269,23,131,14,45,4.7,Silty,768
Maize,167,30,118,29,68,7.7,Chalky,592
Groundnut,189,89,81,16,37,5.3,Sandy,560
Pulses,286,48,20,36,38,5.3,Loamy,592
Maize,67,43,84,21,41,6.8,Loamy,1334
Millets,290,82,24,18,71,8.5,Chalky,529
Wheat,299,48,86,36,83,5.3,Silty,975
Pulses,170,61,79,20,28,7.8,Clay,766
Maize,280,94,87,19,62,5.5,Chalky,567
Sugarcane,109,40,82,20,94,7.9,Sandy,1448
Barley,156,87,98,31,35,5.2,Peaty,356
Sugarcane,55,39,41,17,76,4.2,Chalky,662
Sugarcane,177,56,72,39,94,4.9,Loamy,1211
Maize,131,98,120,27,85,4.9,Sandy,1437
Rice,88,39,100,33,91,9.0,Sandy,576
Rice,61,41,80,33,43,6.9,Sandy,733
Groundnut,95,52,22,37,33,8.8,Loamy,1107
Barley,156,64,59,21,35,6.5,Loamy,645
Sugarcane,140,53,57,24,70,5.9,Sandy,888
Barley,78,79,33,18,76,5.7,Peaty,1032
Cotton,115,47,38,13,95,6.7,Chalky,1369
Rice,238,28,88,32,37,8.9,Peaty,1193
Pulses,203,23,36,19,29,7.4,Clay,935
Cotton,135,68,40,14,94,5.3,Sandy,1371
Maize,89,39,147,21,31,9.0,Silty,1208
Groundnut,78,64,108,21,88,5.3,Clay,1305
Sugarcane,100,50,43,18,33,8.2,Sandy,746
Rice,179,81,56,14,84,7.7,Sandy,726
Pulses,205,36,113,36,97,4.1,Loamy,445
Cotton,188,81,41,20,59,7.1,Chalky,1104
Cotton,75,66,103,27,91,4.1,Silty,1430
Rice,184,76,22,31,99,5.2,Sandy,1171
Millets,169,100,27,28,92,6.2,Clay,1152
Maize,80,40,79,16,74,4.2,Silty,1321
Pulses,188,74,97,29,27,4.2,Loamy,1369
Pulses,122,27,52,28,74,4.5,Silty,1264
Millets,183,67,107,17,67,7.9,Silty,684
Maize,166,44,22,18,69,8.5,Silty,511
Rice,132,67,52,12,55,8.4,Chalky,1159
Pulses,194,61,98,32,33,8.6,Silty,794
Wheat,100,28,20,32,51,6.2,Peaty,552
Pulses,179,32,130,38,52,7.7,Sandy,389
Wheat,85,78,102,24,82,7.0,Sandy,789
Maize,261,78,22,28,98,5.9,Chalky,1092
Millets,207,70,126,20,84,7.5,Chalky,310
Rice,228,29,78,37,63,5.3,Loamy,649
Pulses,92,76,118,28,83,8.3,Sandy,1163
Groundnut,294,66,118,23,42,8.9,Loamy,872
Barley,61,22,117,15,57,8.6,Clay,1389
Maize,298,31,91,25,24,7.1,Chalky,1455
Rice,110,68,24,32,85,8.0,Sandy,889
Millets,214,69,143,12,80,5.9,Loamy,579
Maize,246,31,34,12,82,6.9,Loamy,1440
Rice,243,55,99,27,38,7.9,Sandy,690
Soybean,128,97,20,11,50,5.1,Loamy,729
Barley,55,52,98,38,72,4.4,Silty,964
Barley,208,40,146,16,66,7.3,Clay,1120
Rice,61,35,130,15,24,7.3,Chalky,930
Barley,201,75,63,11,40,7.1,Loamy,957
Barley,74,37,150,40,30,5.9,Chalky,319
Pulses,280,82,41,37,54,4.3,Sandy,1094
Wheat,220,27,131,21,72,5.0,Sandy,562
Sugarcane,51,20,28,18,36,5.4,Chalky,1154
Groundnut,160,38,92,24,81,8.3,Silty,334
Groundnut,279,22,31,25,53,4.7,Sandy,1178
Barley,104,71,83,36,84,5.3,Sandy,317
Maize,296,66,100,25,42,7.2,Peaty,1090
Barley,188,58,28,15,39,7.8,Sandy,1089
Rice,154,42,70,40,21,5.4,Loamy,1454
Maize,108,37,86,18,83,5.9,Chalky,1110
Sugarcane,73,44,149,16,77,7.8,Chalky,353
Wheat,298,51,142,22,53,6.8,Sandy,651
Cotton,294,93,31,11,66,6.1,Peaty,885
Barley,202,97,138,27,24,7.3,Clay,1072
Pulses,164,90,142,35,23,8.0,Loamy,962
Soybean,232,90,144,26,68,8.4,Loamy,716
Rice,286,99,116,31,28,4.0,Sandy,795
Barley,271,53,126,25,72,7.0,Peaty,543
Rice,78,63,39,17,94,6.3,Sandy,916
Soybean,156,85,116,14,84,6.9,Peaty,535
Soybean,225,80,126,36,40,6.4,Loamy,650
Barley,268,74,56,21,28,6.1,Silty,1112
Soybean,64,57,32,33,77,5.8,Peaty,1371
Cotton,171,64,103,33,30,7.3,Loamy,955
Groundnut,203,38,68,19,71,7.3,Clay,1373
Cotton,82,79,27,40,27,5.1,Loamy,705
Soybean,100,98,134,25,78,6.7,Peaty,559
Sugarcane,239,29,138,36,98,5.9,Silty,1053
Barley,154,78,131,32,69,4.7,Chalky,1280
Pulses,64,36,87,31,40,4.9,Silty,628
Maize,298,55,139,12,94,5.5,Silty,898
Sugarcane,272,22,129,11,25,8.0,Clay,1481
Pulses,65,84,63,28,85,8.7,Peaty,680
Barley,173,71,42,21,68,8.9,Chalky,1241
Wheat,298,80,73,40,87,6.9,Silty,769
Millets,126,41,58,16,40,7.6,Peaty,672
Cotton,90,27,105,37,51,6.9,Clay,525
Wheat,252,90,118,31,85,7.1,Silty,964
Barley,239,35,86,16,59,7.0,Silty,1221
Rice,257,70,59,14,26,4.1,Silty,1067
Soybean,199,88,66,38,97,8.8,Clay,1351
Barley,281,94,133,36,25,8.4,Peaty,301
Pulses,115,57,31,17,52,5.2,Sandy,990
Sugarcane,174,33,92,22,22,5.9,Sandy,698
Groundnut,57,98,39,40,30,5.8,Sandy,551
Wheat,99,30,46,25,100,4.8,Clay,324
Groundnut,166,33,86,12,40,6.0,Loamy,1477
Wheat,286,40,97,12,65,7.9,Chalky,1092
Cotton,107,61,102,40,26,4.5,Clay,1367
Wheat,102,24,58,34,55,5.3,Loamy,582
Soybean,217,85,94,28,93,8.6,Clay,1080
Soybean,124,94,50,28,70,8.7,Sandy,1094
Wheat,89,42,140,33,68,7.2,Silty,1399
Millets,171,79,27,33,48,5.1,Sandy,474
Groundnut,84,89,70,23,77,6.2,Chalky,1263
Groundnut,288,60,110,28,84,5.0,Sandy,1366
Rice,239,44,98,40,35,6.0,Loamy,676
Soybean,104,64,20,36,96,7.7,Silty,613
Pulses,280,51,81,33,44,8.9,Peaty,747
Millets,176,24,142,28,79,6.9,Silty,388
Maize,220,51,94,34,25,6.5,Peaty,624
Barley,80,97,121,13,49,7.8,Silty,898
Rice,180,99,29,32,35,6.1,Chalky,406
Wheat,272,45,51,39,42,5.7,Peaty,1109
Maize,148,73,86,14,29,9.0,Clay,753
Barley,114,71,44,32,63,7.3,Loamy,846
Groundnut,71,90,139,15,23,7.7,Chalky,939
Barley,167,44,125,40,68,5.8,Chalky,1445
Maize,84,27,49,28,85,8.8,Loamy,359
Rice,151,86,115,19,100,4.8,Chalky,793
Pulses,282,97,142,31,81,7.8,Sandy,497
Groundnut,233,61,149,14,100,4.2,Chalky,929
Millets,124,26,32,40,60,7.0,Chalky,358
Millets,233,20,64,17,43,5.0,Loamy,686
Groundnut,213,22,83,39,46,8.5,Loamy,1007
Millets,137,57,121,34,51,4.2,Chalky,1331
Millets,288,25,132,19,63,6.2,Peaty,535
Barley,180,50,83,12,43,8.5,Sandy,853
Pulses,109,93,22,16,31,4.8,Clay,1059
Maize,130,87,136,33,91,4.2,Silty,1409
Maize,287,45,126,12,94,8.6,Clay,1171
Maize,132,81,97,28,53,5.5,Sandy,342
Groundnut,235,48,72,12,66,6.4,Sandy,1326
Sugarcane,93,30,122,40,34,8.2,Loamy,877
Sugarcane,162,48,23,38,42,5.2,Loamy,807
Pulses,205,75,142,35,77,8.7,Clay,733
Millets,205,90,115,37,21,8.2,Peaty,1217
Soybean,80,53,71,20,88,4.6,Silty,1268
Cotton,223,66,123,27,86,6.0,Peaty,1386
Maize,183,61,56,39,100,4.8,Silty,756
Rice,151,43,95,22,79,6.0,Peaty,1013
Maize,71,65,88,22,23,5.9,Peaty,1180
Groundnut,72,85,125,18,58,6.4,Chalky,472
Barley,142,71,89,34,61,5.0,Chalky,983
Cotton,111,28,136,19,98,4.8,Loamy,614
Millets,122,86,133,18,21,5.5,Clay,415
Cotton,122,54,149,31,64,4.7,Clay,1227
Wheat,203,95,59,38,77,5.6,Loamy,553
Groundnut,96,68,102,27,84,8.6,Chalky,665
Groundnut,52,71,55,27,46,6.2,Chalky,1057
Soybean,121,93,78,39,29,5.3,Silty,533
Sugarcane,154,68,104,40,33,6.4,Chalky,837
Cotton,185,93,48,36,95,8.1,Sandy,561
Groundnut,182,46,101,11,28,7.9,Loamy,727
Groundnut,176,74,117,28,83,4.2,Sandy,1001
Wheat,123,25,134,12,29,4.5,Chalky,633
Pulses,279,57,124,20,51,4.9,Chalky,704
Soybean,227,21,51,38,99,8.6,Silty,903
Maize,184,86,106,21,98,4.2,Clay,1272
Cotton,286,30,69,36,54,6.0,Clay,1268
Wheat,76,47,95,22,38,5.5,Peaty,479
Soybean,252,77,147,39,47,5.6,Chalky,586
Millets,112,25,52,39,55,4.5,Clay,1162
Maize,108,24,25,20,39,8.8,Silty,1126
Cotton,294,86,93,21,97,4.3,Clay,654
Maize,149,74,67,30,37,4.6,Silty,1122
Wheat,151,51,100,31,55,6.1,Loamy,887
Cotton,221,92,67,23,39,4.7,Sandy,397
Millets,190,88,150,11,94,6.1,Chalky,352
Sugarcane,244,92,33,14,23,4.0,Peaty,731
Barley,300,40,112,15,27,6.0,Sandy,980
Groundnut,228,97,136,33,36,7.1,Chalky,954
Soybean,101,81,65,38,40,7.5,Peaty,456
Maize,183,58,121,33,100,6.3,Chalky,581
Sugarcane,117,86,83,17,24,5.3,Loamy,552
Groundnut,192,67,128,15,82,7.0,Chalky,1113
Maize,258,24,67,12,62,4.5,Clay,1164
Groundnut,259,75,45,13,89,5.6,Silty,966
Soybean,197,69,64,18,33,6.3,Sandy,527
Groundnut,170,73,66,25,60,6.5,Clay,1217
Soybean,256,47,95,35,89,5.5,Chalky,485
Maize,59,49,67,24,58,8.8,Silty,1168
Sugarcane,206,57,145,35,55,6.2,Loamy,820
Barley,231,59,129,30,25,6.6,Peaty,744
Millets,220,36,70,31,81,7.0,Loamy,1026
Wheat,159,87,76,30,76,7.9,Chalky,718
Rice,208,92,124,11,75,6.3,Clay,1494
Wheat,183,80,99,40,75,8.8,Clay,1133
Maize,180,40,72,36,93,6.3,Silty,1166
Maize,297,51,131,33,34,7.7,Chalky,652
Barley,110,57,97,25,80,5.6,Sandy,935
Cotton,62,90,116,32,67,5.9,Silty,394
Millets,146,31,142,38,52,6.2,Loamy,1353
Rice,107,39,25,31,32,7.5,Loamy,1348
Barley,292,73,33,20,85,8.6,Peaty,966
Millets,117,94,86,11,84,6.0,Sandy,726
Wheat,172,77,45,12,80,5.5,Sandy,380
Soybean,65,60,82,23,73,5.7,Chalky,1004
Maize,117,76,98,24,49,8.3,Silty,1238
Sugarcane,97,35,43,20,52,5.6,Silty,1055
Barley,87,100,70,35,69,5.5,Clay,843
Rice,59,60,47,39,79,8.6,Peaty,953
Barley,152,62,43,21,41,6.8,Clay,447
Sugarcane,189,22,135,28,33,4.3,Sandy,560
Pulses,252,57,97,20,60,7.5,Chalky,714
Pulses,126,33,76,33,32,8.2,Loamy,702
Wheat,72,70,105,28,67,4.4,Silty,1453
Sugarcane,243,56,48,35,64,7.9,Peaty,945
Maize,87,95,99,16,66,5.8,Loamy,687
Soybean,100,67,51,38,87,6.3,Chalky,827
Millets,209,58,94,19,36,7.8,Sandy,1352
Groundnut,245,87,150,13,78,7.0,Sandy,499
Pulses,201,67,121,38,79,7.9,Peaty,644
Cotton,274,53,60,31,72,8.9,Sandy,1047
Groundnut,109,57,79,12,76,5.1,Loamy,533
Maize,143,66,30,11,54,8.0,Sandy,300
Maize,287,71,26,15,94,7.7,Loamy,1123
Sugarcane,278,100,36,17,35,6.7,Loamy,892
Rice,128,33,118,17,39,6.6,Silty,452
Barley,181,96,89,20,41,5.7,Chalky,371
Pulses,85,80,27,23,88,6.0,Sandy,336
Cotton,179,68,60,24,79,4.5,Clay,639
Pulses,238,79,93,13,100,4.4,Sandy,636
Maize,189,26,67,36,88,6.3,Clay,345
Rice,196,54,53,37,63,4.2,Peaty,765
Maize,180,38,81,27,54,7.6,Silty,541
Wheat,179,92,79,14,92,7.8,Sandy,926
Sugarcane,116,67,120,15,95,6.3,Silty,784
Millets,283,86,46,12,96,4.8,Sandy,1243
Cotton,166,68,124,12,23,8.1,Loamy,1037
Groundnut,289,100,126,27,74,6.9,Peaty,1152
Rice,255,78,76,15,23,6.6,Silty,1343
Sugarcane,181,77,32,11,61,7.7,Clay,1406
Soybean,144,55,144,19,90,8.1,Sandy,1188
Groundnut,107,33,103,30,41,6.2,Loamy,1307
Barley,184,42,30,14,77,4.5,Sandy,316
Pulses,208,65,116,25,59,6.6,Chalky,369
Barley,85,79,87,20,48,6.3,Loamy,1101
Millets,229,98,136,16,39,4.4,Clay,347
Barley,187,74,98,35,73,5.3,Silty,1134
Sugarcane,85,97,108,28,34,4.2,Peaty,585
Wheat,168,63,105,28,81,4.7,Chalky,1090
Wheat,238,62,92,40,46,5.0,Sandy,1152
Millets,72,47,53,16,62,8.1,Loamy,415
Millets,205,38,62,33,30,6.2,Loamy,466
Wheat,51,98,56,39,61,5.3,Chalky,380
Pulses,291,23,37,28,75,7.3,Clay,414
Groundnut,225,88,108,22,92,8.6,Sandy,1157
Rice,286,58,38,11,57,4.9,Clay,750
Sugarcane,92,58,54,37,44,5.2,Chalky,633
Groundnut,97,67,129,22,75,9.0,Clay,1114
Wheat,289,50,51,31,21,5.5,Peaty,1086
Sugarcane,175,64,129,24,36,7.5,Peaty,494
Groundnut,70,96,42,26,82,7.0,Loamy,1437
Groundnut,58,72,86,20,21,8.4,Silty,346
Soybean,248,32,125,24,47,5.3,Clay,1368
Pulses,208,41,21,37,40,4.6,Chalky,610
Barley,51,25,145,30,46,5.0,Sandy,1435
Pulses,173,76,43,20,43,7.5,Peaty,644
Cotton,124,29,56,17,26,8.8,Clay,1239
Sugarcane,130,30,74,30,93,8.9,Sandy,494
Rice,222,43,118,35,84,4.6,Peaty,384
Rice,167,91,94,11,78,5.8,Silty,785
Pulses,282,26,129,17,31,5.7,Silty,514
Pulses,300,28,116,19,75,7.5,Chalky,349
Maize,63,100,149,37,80,4.9,Clay,781
Maize,196,63,63,35,78,5.2,Peaty,418
Rice,131,92,89,22,53,4.3,Chalky,953
Cotton,285,86,55,24,84,7.5,Clay,620
Cotton,171,98,132,17,72,4.4,Clay,1411
Pulses,293,21,130,14,59,6.9,Sandy,689
Wheat,52,66,133,21,25,8.4,Clay,1421
Soybean,281,76,32,25,96,5.6,Sandy,615
Maize,89,50,149,34,99,5.0,Silty,1084
Wheat,88,20,60,26,99,8.3,Silty,728
Pulses,112,26,38,25,73,5.8,Silty,1238
Maize,73,48,134,17,73,5.8,Loamy,511
Wheat,124,25,52,35,30,8.4,Sandy,1130
Rice,68,40,72,37,90,9.0,Loamy,997
Groundnut,227,32,144,31,61,4.3,Chalky,1165
Barley,246,95,60,24,60,5.8,Clay,1242
Soybean,65,38,46,18,44,5.0,Silty,644
Pulses,157,41,58,21,59,8.3,Peaty,654
Wheat,61,69,103,25,28,8.7,Chalky,360
Sugarcane,169,48,21,36,94,6.1,Clay,973
Cotton,170,35,114,22,46,6.7,Silty,892
Sugarcane,99,72,79,38,22,8.0,Clay,1413
Cotton,131,47,29,26,47,5.7,Clay,1471
Cotton,271,57,73,35,50,4.4,Silty,1068
Soybean,94,39,88,32,68,6.6,Clay,1338
Rice,96,32,132,15,36,5.5,Sandy,557
Groundnut,292,76,40,38,38,6.6,Silty,737
Maize,110,81,146,35,69,4.8,Sandy,828
Millets,79,83,146,38,33,6.0,Loamy,1231
Wheat,85,36,44,21,50,8.2,Silty,489
Groundnut,119,55,60,31,35,8.0,Sandy,625
Cotton,273,80,138,27,48,7.6,Sandy,724
Wheat,69,67,126,25,65,7.0,Silty,1215
Groundnut,58,64,94,24,59,5.6,Sandy,741
Soybean,252,87,98,33,89,8.7,Clay,328
Millets,178,98,42,17,78,6.3,Sandy,315
Rice,219,68,90,16,26,8.3,Peaty,529
Sugarcane,177,46,25,18,80,4.5,Clay,1420
Groundnut,214,97,134,25,57,8.2,Sandy,572
Sugarcane,277,52,127,37,91,4.4,Peaty,1086
Groundnut,288,28,59,27,21,4.3,Chalky,1297
Cotton,144,52,29,14,34,6.4,Loamy,1232
Wheat,242,68,139,26,23,4.1,Clay,1169
Cotton,150,40,39,28,31,6.3,Chalky,1040
Soybean,115,60,116,30,60,8.0,Loamy,1129
Wheat,109,50,115,14,69,4.7,Sandy,1491
Groundnut,275,46,123,36,38,5.5,Chalky,1051
Millets,93,82,25,33,49,4.8,Chalky,1226
Soybean,167,35,80,35,38,8.8,Silty,1150
Groundnut,221,27,68,18,26,6.9,Silty,1394
Barley,105,34,57,22,34,7.1,Peaty,600
Sugarcane,65,89,96,27,81,8.1,Silty,520
Groundnut,164,92,104,33,28,5.8,Clay,1424
Barley,237,73,129,12,21,7.2,Peaty,987
Barley,238,81,98,37,38,7.7,Sandy,432
Millets,85,42,25,30,59,4.8,Chalky,951
Millets,93,91,124,25,93,4.5,Peaty,878
Groundnut,130,79,115,18,41,7.7,Peaty,669
Groundnut,228,45,40,19,52,8.5,Chalky,1298
Millets,86,69,126,13,39,6.4,Chalky,1389
Rice,282,30,44,27,64,8.0,Chalky,707
Maize,116,91,81,16,37,6.5,Clay,933
Barley,216,91,95,18,63,5.4,Chalky,1219
Sugarcane,168,37,69,24,35,5.0,Peaty,422
Maize,253,58,135,12,37,5.0,Peaty,862
Sugarcane,142,42,47,37,72,6.0,Loamy,340
Rice,214,42,147,35,72,8.8,Clay,1351
Sugarcane,273,33,122,23,94,5.6,Loamy,565
Millets,69,64,52,22,66,8.0,Clay,871
Soybean,242,30,85,30,54,5.6,Peaty,832
Pulses,77,55,111,40,89,4.6,Clay,1120
Barley,130,53,87,27,43,5.4,Silty,586
Barley,268,33,69,27,76,4.9,Peaty,1457
Wheat,249,31,123,33,35,8.9,Clay,1304
Wheat,90,39,115,32,45,5.3,Loamy,1066
Maize,63,47,34,24,54,8.6,Chalky,1080
Rice,107,22,41,19,46,5.8,Peaty,347
Rice,162,66,34,35,87,5.0,Peaty,583
Barley,75,77,61,24,30,8.1,Silty,1063
Millets,51,42,143,26,29,4.4,Peaty,1295
Soybean,123,68,59,12,41,4.3,Silty,310
Soybean,205,65,59,27,62,7.2,Sandy,901
Groundnut,119,74,68,18,56,7.3,Sandy,430
Barley,238,35,121,31,42,5.3,Silty,404
Millets,65,41,76,16,85,4.5,Peaty,339
Sugarcane,288,72,32,34,64,5.6,Sandy,1101
Barley,277,30,27,24,49,7.6,Silty,1356
Barley,64,62,148,11,28,5.3,Chalky,891
Millets,246,62,59,39,68,6.4,Peaty,1296
Barley,158,35,98,32,93,7.0,Clay,1411
Maize,159,70,77,17,47,5.4,Chalky,1376
Millets,113,75,135,39,60,8.8,Peaty,319
Sugarcane,195,49,78,29,81,8.9,Chalky,1090
Rice,118,32,60,17,36,8.3,Silty,1214
Sugarcane,77,45,89,40,23,5.2,Clay,1405
Rice,188,88,82,16,21,8.3,Loamy,1122
Groundnut,265,44,140,25,65,7.0,Loamy,1165
Rice,187,89,51,12,88,4.8,Chalky,1465
Barley,237,49,118,19,40,8.7,Clay,582
Soybean,61,93,44,40,100,6.9,Clay,373
Rice,276,37,57,32,80,6.0,Clay,1387
Groundnut,92,88,28,32,69,8.1,Chalky,564
Soybean,132,50,78,17,87,4.6,Loamy,1338
Sugarcane,221,47,81,23,37,7.3,Sandy,853
Barley,215,70,148,37,77,5.5,Peaty,416
Barley,249,99,102,22,62,4.6,Loamy,534
Sugarcane,277,28,102,20,72,4.1,Silty,1329
Groundnut,99,29,63,17,54,8.7,Peaty,322
Sugarcane,258,24,44,26,56,4.3,Clay,906
Soybean,250,68,75,21,100,7.1,Peaty,393
Groundnut,171,21,101,12,35,5.1,Silty,901
Sugarcane,212,47,65,13,47,6.5,Sandy,1126
Millets,66,51,78,31,92,5.9,Chalky,364
Wheat,99,95,71,28,99,4.4,Silty,631
Maize,147,31,129,23,59,8.3,Silty,636
Sugarcane,97,34,82,13,47,5.0,Clay,1384
Sugarcane,260,88,40,17,44,6.5,Peaty,972
Maize,201,45,85,29,37,6.0,Clay,1219
Pulses,63,33,75,21,58,5.5,Sandy,382
Millets,121,48,38,33,60,7.8,Chalky,1435
Maize,219,44,146,30,21,5.3,Clay,336
Sugarcane,295,47,116,14,75,6.7,Peaty,349
Maize,158,68,107,24,39,8.5,Silty,806
Cotton,159,74,122,11,89,7.8,Sandy,1371
Sugarcane,115,70,91,25,63,7.7,Clay,561
Groundnut,60,80,133,35,85,7.2,Loamy,1365
Soybean,91,38,46,22,51,6.1,Silty,440
Groundnut,100,41,141,29,72,8.9,Loamy,450
Barley,80,25,113,35,29,5.2,Silty,1120
Millets,267,77,112,12,32,7.6,Clay,641
Soybean,161,24,60,29,52,4.4,Chalky,361
Cotton,264,55,53,31,25,6.7,Peaty,753
Wheat,146,75,81,33,24,4.8,Loamy,683
Sugarcane,123,86,85,15,81,5.3,Peaty,1299
Barley,258,82,20,24,67,5.3,Peaty,1451
Pulses,237,78,25,37,77,8.8,Clay,380
Rice,222,84,46,23,80,5.3,Chalky,610
Pulses,297,55,78,21,44,7.8,Sandy,730
Maize,213,28,61,12,100,7.0,Chalky,714
Rice,140,83,141,30,97,6.2,Silty,1390
Cotton,77,46,94,32,72,6.6,Silty,847
Wheat,58,97,130,12,29,6.1,Peaty,1410
Cotton,226,91,55,29,92,4.9,Sandy,320
Pulses,235,95,128,17,99,8.3,Peaty,928
Millets,291,39,60,22,56,6.0,Silty,371
Rice,265,33,122,11,62,5.5,Clay,1175
Groundnut,251,57,103,24,61,8.4,Peaty,1350
Millets,131,48,46,20,40,8.7,Peaty,537
Sugarcane,112,79,114,12,46,4.8,Silty,1374
Soybean,197,98,97,28,75,6.9,Chalky,883
Maize,296,68,22,22,53,7.9,Silty,1380
Pulses,62,95,116,11,24,5.3,Chalky,1366
Wheat,295,84,52,29,92,7.6,Loamy,838
Sugarcane,276,56,77,13,40,7.6,Loamy,820
Millets,52,46,116,26,22,4.3,Silty,565
Cotton,127,100,107,14,59,6.9,Peaty,1315
Maize,59,70,86,28,89,4.5,Loamy,463
Groundnut,166,38,148,11,74,8.4,Silty,1269
Maize,69,82,83,31,62,5.6,Peaty,700
Soybean,103,37,26,23,27,7.8,Sandy,925
Sugarcane,171,52,107,39,82,6.3,Chalky,1484
Barley,141,78,29,38,60,8.5,Clay,912
Maize,92,88,111,39,98,5.2,Chalky,1362
Groundnut,234,48,129,12,36,5.5,Chalky,1295
Pulses,283,74,135,15,81,5.4,Sandy,495
Barley,182,24,25,34,87,4.8,Peaty,1063
Sugarcane,286,79,121,36,78,7.1,Sandy,737
Sugarcane,144,89,60,14,70,5.5,Silty,1034
Millets,64,30,123,30,30,4.2,Chalky,618
Barley,225,60,118,40,82,4.7,Chalky,632
Rice,266,73,125,18,93,7.0,Chalky,921
Sugarcane,232,71,133,14,89,6.5,Peaty,611
Pulses,149,51,54,29,43,6.4,Sandy,471
Maize,136,78,122,13,92,6.2,Chalky,496
Wheat,206,32,41,15,32,5.2,Clay,1178
Wheat,78,51,24,32,21,5.8,Peaty,1273
Wheat,196,70,145,24,50,8.9,Loamy,751
Wheat,82,97,29,17,47,8.0,Chalky,802
Pulses,243,41,38,40,93,4.8,Silty,1199
Pulses,265,53,47,27,84,4.4,Chalky,1407
Groundnut,58,26,70,28,72,5.8,Clay,679
Pulses,209,33,35,39,84,5.3,Silty,1204
Cotton,92,52,92,19,88,7.5,Clay,1379
Rice,135,69,139,26,59,4.3,Peaty,348
Millets,69,77,104,14,52,7.5,Sandy,1050
Barley,161,90,57,24,61,6.3,Silty,469
Soybean,216,89,129,22,83,6.8,Sandy,709
Groundnut,180,65,124,30,81,8.6,Clay,768
Sugarcane,136,99,111,20,72,8.7,Chalky,617
Cotton,237,83,81,21,50,6.0,Clay,1175
Rice,222,31,79,23,96,8.9,Peaty,1166
Wheat,197,37,53,24,25,6.5,Sandy,725
Rice,97,47,107,37,43,7.1,Chalky,575
Cotton,279,59,64,31,38,4.9,Peaty,832
Millets,125,21,97,14,58,8.0,Loamy,1470
Millets,215,40,49,12,33,6.7,Sandy,819
Groundnut,292,54,81,28,84,7.9,Chalky,1262
Soybean,77,71,22,31,60,7.0,Chalky,1230
Sugarcane,218,52,136,30,24,7.3,Silty,598
Maize,149,45,126,35,44,4.4,Clay,1064
Millets,165,47,32,18,44,8.7,Chalky,1123
Barley,57,92,134,39,80,5.5,Sandy,1419
Maize,291,61,127,23,74,5.9,Sandy,1439
Groundnut,172,46,125,20,35,5.1,Peaty,717
Groundnut,143,39,120,24,97,4.1,Loamy,652
Soybean,209,83,31,19,91,5.0,Clay,1062
Sugarcane,250,97,84,27,31,8.9,Chalky,584
Sugarcane,210,83,142,34,52,7.3,Loamy,756
Barley,50,44,113,40,37,7.4,Silty,1245
Rice,55,50,93,36,36,6.0,Sandy,398
Wheat,141,20,30,14,24,8.3,Chalky,695
Cotton,237,30,137,12,90,6.8,Loamy,1135
Groundnut,300,25,86,27,38,7.7,Clay,441
Barley,287,71,36,24,35,4.8,Peaty,1456
Millets,125,71,107,40,70,6.4,Sandy,307
Soybean,249,47,55,13,33,5.2,Peaty,1255
Cotton,185,69,34,32,83,7.1,Chalky,984
Millets,53,56,56,27,44,8.8,Loamy,861
Maize,219,29,25,14,74,4.4,Peaty,1498
Groundnut,298,96,81,27,44,8.7,Clay,1014
Soybean,130,72,38,26,99,7.2,Silty,1422
Soybean,222,84,129,40,91,4.1,Silty,504
Wheat,112,84,89,15,93,7.4,Sandy,693
Sugarcane,230,62,127,37,34,5.7,Clay,510
Wheat,190,75,80,37,90,7.1,Chalky,590
Groundnut,143,76,102,37,23,6.5,Silty,1037
Pulses,184,26,29,33,22,9.0,Chalky,1417
Pulses,288,68,48,34,70,6.8,Chalky,1074
Sugarcane,271,60,135,15,31,4.8,Chalky,1117
Sugarcane,256,48,39,29,29,8.0,Chalky,794
Sugarcane,135,27,142,15,36,6.1,Peaty,1086
Maize,248,35,24,22,27,7.9,Silty,746
Barley,288,31,26,34,61,7.8,Chalky,1375
Soybean,184,56,146,28,96,6.5,Chalky,852
Pulses,275,23,59,39,67,6.3,Silty,1155
Maize,60,56,119,20,88,4.4,Silty,665
Wheat,55,72,85,30,44,8.7,Loamy,1350
Sugarcane,58,64,95,15,52,8.5,Loamy,1105
Rice,300,68,57,15,77,7.8,Clay,584
Cotton,74,48,99,39,33,4.3,Clay,742
Cotton,112,96,56,24,30,7.1,Silty,866
Soybean,176,79,95,37,56,7.7,Silty,1151
Cotton,184,78,142,30,35,4.2,Peaty,1049
Cotton,255,56,111,28,99,6.7,Silty,431
Cotton,98,90,126,18,81,4.8,Clay,483
Wheat,54,70,110,15,29,7.6,Peaty,836
Maize,183,80,128,39,52,8.7,Clay,857
Millets,238,37,84,24,66,7.8,Sandy,913
Barley,157,81,144,33,88,6.3,Clay,1393
Rice,280,65,100,38,73,4.4,Clay,553
Cotton,291,60,50,37,90,6.8,Loamy,1448
Cotton,79,67,140,26,64,7.8,Silty,577
Maize,66,51,39,27,24,7.8,Loamy,1170
Millets,157,37,134,11,57,7.5,Silty,1156
Cotton,154,22,141,12,73,5.2,Chalky,853
Cotton,281,63,34,21,100,5.8,Peaty,1153
Cotton,188,89,40,23,93,5.3,Chalky,1243
Cotton,117,83,150,35,33,7.3,Peaty,1381
Wheat,284,92,82,19,39,8.1,Silty,729
Sugarcane,71,58,49,30,48,4.6,Silty,1233
Soybean,136,79,89,35,75,8.0,Silty,1417
Pulses,93,55,61,22,45,5.9,Clay,1383
Pulses,54,60,146,21,58,7.9,Peaty,1215
Rice,245,49,136,19,100,4.6,Silty,1342
Sugarcane,288,50,113,17,52,6.7,Clay,511
Wheat,163,88,141,37,70,7.3,Chalky,906
Cotton,115,80,25,18,59,6.8,Loamy,470
Cotton,214,32,107,28,64,4.8,Chalky,434
Rice,58,34,97,40,35,4.4,Peaty,465
Maize,208,99,138,33,62,7.5,Sandy,906
Soybean,228,57,80,38,83,6.1,Peaty,677
Pulses,138,96,55,35,72,8.4,Silty,1044
Pulses,88,63,81,23,45,4.4,Sandy,1284
Soybean,215,56,101,11,26,8.7,Loamy,430
Cotton,176,21,109,24,47,6.2,Clay,479
Maize,71,34,109,19,48,5.2,Chalky,543
Cotton,140,63,134,15,92,8.2,Silty,1348
Wheat,129,62,130,18,95,7.2,Chalky,1282
Sugarcane,94,94,98,15,100,4.1,Loamy,407
Wheat,116,81,140,29,59,4.7,Silty,1183
Maize,76,31,67,36,48,8.6,Silty,484
Rice,221,35,57,32,95,8.1,Silty,614
Sugarcane,58,99,146,23,21,7.1,Loamy,474
Millets,57,62,143,39,75,7.8,Sandy,1178
Maize,119,66,105,30,32,7.5,Peaty,1257
Pulses,154,80,54,31,81,7.2,Chalky,383
Cotton,95,53,122,18,73,5.4,Chalky,669
Barley,106,31,78,27,22,5.4,Sandy,893
Barley,136,76,62,14,47,8.3,Chalky,330
Wheat,196,76,49,23,70,6.5,Chalky,1310
Millets,263,58,140,20,24,7.2,Sandy,854
Wheat,160,67,64,11,82,6.2,Chalky,903
Soybean,216,31,140,27,24,6.3,Peaty,473
Rice,201,97,117,17,21,8.2,Sandy,393
Wheat,284,36,60,18,82,7.0,Clay,1200
Wheat,58,51,51,20,47,4.6,Silty,1289
Groundnut,127,23,116,16,60,6.5,Sandy,1205
Rice,266,65,72,38,60,5.8,Clay,591
Millets,50,51,98,35,85,5.7,Loamy,751
Groundnut,246,70,129,30,93,5.0,Loamy,1453
Soybean,230,97,40,24,50,8.2,Peaty,684
Wheat,199,61,83,23,78,7.7,Peaty,1364
Rice,212,99,133,31,98,8.3,Sandy,1032
Sugarcane,212,42,53,29,51,4.3,Peaty,889
Rice,116,59,122,15,46,4.7,Chalky,1221
Wheat,242,24,54,15,50,6.0,Clay,1289
Maize,275,96,93,17,100,4.1,Chalky,360
Wheat,199,51,65,29,84,4.1,Clay,1233
Maize,184,57,141,15,22,8.0,Chalky,1214
Maize,144,28,45,28,83,6.4,Silty,1179
Cotton,195,68,138,39,83,7.9,Peaty,637
Wheat,118,46,149,32,38,5.4,Chalky,832
Sugarcane,251,54,39,33,98,8.9,Peaty,821
Groundnut,232,87,47,40,46,4.9,Chalky,1325
Maize,148,76,103,32,70,5.9,Peaty,600
Millets,80,22,67,25,35,7.2,Loamy,1117
Sugarcane,113,95,74,19,30,5.1,Clay,1456
Barley,57,59,57,39,27,4.3,Loamy,1342
Maize,58,26,133,13,92,4.9,Chalky,619
Wheat,138,91,138,24,30,7.8,Chalky,450
Barley,214,99,93,30,85,8.4,Loamy,469
Wheat,123,24,137,17,87,8.8,Silty,790
Pulses,249,68,23,24,67,5.6,Sandy,715
Rice,93,59,131,29,95,6.0,Chalky,1068
Cotton,188,87,139,20,82,7.8,Sandy,1425
Wheat,191,44,30,36,46,8.8,Peaty,381
Pulses,122,31,32,38,92,8.0,Clay,415
Cotton,92,95,97,19,38,7.5,Clay,639
Wheat,259,68,44,40,80,7.6,Sandy,1422
Sugarcane,90,69,72,40,85,4.7,Clay,942
Wheat,252,84,107,11,34,4.4,Chalky,1194
Barley,134,79,138,21,99,5.8,Chalky,1321
Maize,61,47,30,27,41,7.7,Sandy,1160
Barley,193,46,53,34,47,6.7,Peaty,491
Maize,252,61,30,26,78,7.0,Clay,894
Maize,291,79,23,29,22,8.0,Silty,1189
Wheat,295,53,120,11,90,5.0,Loamy,991
Barley,64,20,87,22,78,8.6,Clay,434
Groundnut,221,39,68,14,32,4.5,Chalky,810
Cotton,139,39,63,39,68,6.2,Peaty,1446
Groundnut,90,67,77,21,42,4.6,Silty,1355
Groundnut,168,87,27,20,98,7.7,Sandy,989
Pulses,59,83,64,11,95,8.5,Chalky,522
Millets,53,30,45,16,35,8.1,Peaty,837
Sugarcane,105,47,81,12,75,8.6,Silty,479
Barley,131,34,93,23,42,4.2,Peaty,1028
Millets,118,82,38,19,28,7.8,Chalky,580
Soybean,265,59,98,27,51,7.2,Clay,1000
Sugarcane,105,81,55,32,52,4.7,Peaty,974
Sugarcane,154,37,144,19,33,6.5,Peaty,1460
Wheat,85,71,20,36,72,5.8,Peaty,1143
Sugarcane,123,80,50,17,78,4.8,Chalky,1434
Barley,294,43,59,24,22,4.2,Peaty,957
Wheat,299,52,53,21,69,6.3,Sandy,536
Cotton,220,52,95,25,59,6.5,Peaty,630
Millets,54,59,65,31,68,8.8,Peaty,516
Groundnut,135,74,109,18,24,4.3,Silty,1299
Barley,150,44,111,24,39,4.2,Peaty,1093
Cotton,221,27,99,12,80,7.7,Sandy,1350
Cotton,167,75,72,37,79,4.4,Clay,878
Millets,93,90,20,27,91,8.2,Peaty,1415
Millets,213,81,108,36,40,4.2,Sandy,1005
Maize,155,99,127,16,41,8.7,Silty,769
Maize,53,55,132,13,79,8.7,Loamy,685
Wheat,299,99,57,18,63,5.2,Peaty,1156
Maize,279,98,53,27,56,5.3,Silty,1399
Soybean,53,37,43,32,91,7.5,Clay,1374
Cotton,153,85,78,34,52,4.4,Sandy,574
Maize,207,46,88,40,71,5.0,Clay,1072
Cotton,97,54,61,20,48,5.9,Silty,403
Barley,282,46,105,27,64,4.3,Silty,996
Cotton,134,40,96,35,25,5.0,Silty,1168
Maize,198,36,50,31,73,6.1,Clay,1461
Sugarcane,127,68,64,20,31,5.3,Chalky,405
Millets,93,58,103,20,30,8.3,Peaty,1374
Rice,235,91,110,17,29,8.6,Clay,834
Rice,277,44,34,23,52,4.3,Sandy,791
Cotton,203,88,95,39,49,7.0,Sandy,1389
Maize,144,40,69,23,36,8.3,Chalky,601
Maize,221,32,134,34,28,6.9,Clay,1097
Soybean,247,74,52,39,68,6.1,Peaty,574
Pulses,277,99,62,38,40,6.8,Sandy,417
Groundnut,115,37,23,20,91,8.8,Loamy,800
Cotton,200,79,132,24,24,6.0,Silty,752
Rice,221,98,87,38,36,6.5,Clay,839
Barley,277,41,68,23,97,6.1,Loamy,743
Cotton,108,33,110,34,31,4.3,Sandy,877
Sugarcane,106,41,115,33,74,8.3,Silty,836
Maize,254,21,79,26,33,4.9,Chalky,897
Cotton,53,96,123,15,90,5.2,Loamy,905
Cotton,237,31,22,26,68,6.0,Sandy,463
Pulses,217,22,92,20,31,8.9,Clay,1025
Barley,162,66,80,17,55,8.8,Peaty,810
Maize,214,37,105,27,52,5.5,Loamy,1366
Soybean,282,54,39,19,77,6.7,Silty,1209
Soybean,107,92,28,12,94,6.8,Silty,601
Groundnut,120,24,69,22,92,6.9,Sandy,1031
Maize,72,69,89,32,56,6.2,Clay,455
Rice,110,63,53,31,82,4.3,Silty,1054
Maize,286,38,23,22,24,6.5,Peaty,523
Millets,297,56,98,29,84,8.2,Loamy,890
Rice,211,26,86,33,35,5.2,Peaty,915
Millets,69,49,60,15,91,7.1,Chalky,593
Wheat,129,66,88,32,86,5.5,Chalky,1434
Barley,105,42,40,15,70,8.8,Peaty,1449
Rice,254,53,54,36,42,7.9,Silty,989
Barley,134,82,137,19,26,8.6,Peaty,886
Rice,186,83,90,34,94,5.5,Peaty,890
Maize,66,66,92,24,39,6.8,Clay,455
Cotton,192,35,82,12,35,8.2,Chalky,413
Cotton,88,84,116,35,81,6.3,Sandy,401
Pulses,241,38,78,14,50,7.3,Silty,1225
Groundnut,181,41,23,32,79,7.1,Chalky,420
Soybean,109,58,122,13,63,8.9,Loamy,725
Barley,77,71,53,16,23,6.8,Silty,1405
Wheat,192,68,101,38,73,7.9,Loamy,1228
Soybean,129,84,85,34,26,7.3,Clay,807
Pulses,249,44,41,39,47,6.1,Peaty,1374
Sugarcane,242,49,65,14,37,5.7,Silty,903
Cotton,294,100,95,16,44,5.5,Loamy,759
Millets,295,62,45,18,49,8.2,Loamy,417
Barley,89,34,64,14,70,8.0,Sandy,1496
Groundnut,105,45,129,13,86,6.5,Loamy,1494
Maize,281,69,107,31,38,7.8,Silty,476
Wheat,168,37,60,40,33,7.9,Loamy,412
Pulses,60,61,92,11,93,8.7,Silty,1115
Sugarcane,299,65,33,39,36,6.8,Silty,1103
Soybean,259,54,35,12,79,4.1,Peaty,727
Groundnut,105,29,134,28,67,7.9,Peaty,553
Groundnut,50,59,149,33,65,4.5,Sandy,1165
Millets,278,77,47,24,78,7.6,Chalky,421
Millets,177,62,143,13,31,8.4,Peaty,694
Millets,110,49,66,26,54,7.2,Loamy,300
Cotton,233,36,60,23,45,4.5,Chalky,802
Pulses,251,65,59,22,54,5.8,Chalky,792
Soybean,62,80,33,23,26,7.4,Sandy,1260
Cotton,259,77,27,39,33,5.7,Loamy,671
Sugarcane,244,68,129,39,89,5.2,Peaty,789
Barley,248,38,47,30,46,7.4,Chalky,1365
Pulses,276,95,32,13,75,6.7,Sandy,1369
Groundnut,106,67,21,29,54,4.2,Silty,1026
Millets,269,38,132,15,56,4.2,Sandy,1368
Millets,178,39,138,21,64,8.6,Peaty,1316
Rice,211,45,62,33,62,6.2,Sandy,1124
Groundnut,176,27,121,24,30,7.8,Silty,1428
Cotton,272,94,63,21,88,6.3,Chalky,1486
Groundnut,114,60,77,21,71,5.1,Silty,1016
Maize,117,96,20,20,50,8.7,Sandy,1256
Millets,161,44,82,13,89,6.3,Clay,653
Millets,188,55,150,23,78,5.8,Peaty,604
Wheat,239,42,77,16,38,7.0,Peaty,779
Maize,157,60,27,17,32,7.9,Clay,1258
Pulses,165,44,111,35,94,7.7,Chalky,468
Soybean,229,57,135,15,98,4.6,Silty,844
Pulses,115,22,94,40,23,8.1,Sandy,1092
Pulses,107,98,74,26,59,7.9,Silty,419
Cotton,285,45,50,26,26,6.6,Clay,549
Rice,269,51,70,29,64,7.8,Sandy,1272
Wheat,234,38,21,28,60,6.4,Chalky,706
Maize,172,86,140,34,30,4.6,Peaty,1403
Rice,73,34,74,24,63,5.9,Sandy,576
Maize,286,76,75,22,82,7.8,Peaty,1365
Soybean,219,69,33,16,52,4.9,Clay,900
Cotton,116,76,102,31,70,5.9,Loamy,1252
Rice,140,45,41,16,64,8.0,Chalky,564
Wheat,80,95,147,37,46,4.3,Clay,825
Millets,293,98,71,33,61,4.4,Loamy,653
Millets,175,80,72,25,29,8.3,Loamy,1328
Groundnut,177,52,80,11,90,7.4,Sandy,573
Barley,216,84,135,38,41,6.0,Loamy,1368
Groundnut,73,93,149,19,84,4.5,Loamy,349
Soybean,251,46,55,34,26,5.4,Clay,1227
Cotton,209,100,145,33,43,7.1,Loamy,813
Millets,180,72,119,27,32,4.2,Clay,583
Pulses,245,80,47,22,49,5.9,Chalky,1245
Barley,87,54,140,25,32,5.5,Chalky,673
Pulses,62,34,102,33,76,4.2,Peaty,1266
Rice,186,92,26,20,37,7.4,Sandy,816
Wheat,169,47,147,11,36,8.6,Loamy,1483
Groundnut,144,78,48,18,66,6.9,Chalky,337
Rice,67,89,55,31,60,7.0,Chalky,1361
Soybean,118,100,142,27,44,5.7,Peaty,1027
Rice,298,87,108,34,24,6.8,Sandy,807
Soybean,219,66,95,33,69,8.3,Sandy,770
Maize,208,50,120,29,28,8.6,Clay,736
Maize,68,67,143,32,100,6.2,Peaty,349
Barley,268,49,150,17,47,7.6,Peaty,1149
Cotton,206,22,73,35,97,4.7,Loamy,899
Rice,287,82,35,33,59,6.2,Silty,1379
Pulses,105,98,82,31,83,7.7,Sandy,778
Sugarcane,279,92,147,40,26,4.4,Sandy,681
Soybean,160,48,112,29,81,6.4,Peaty,648
Cotton,125,96,127,36,82,7.0,Peaty,429
Rice,210,63,57,14,24,4.4,Loamy,436
Cotton,295,72,146,27,91,4.6,Loamy,1024
Wheat,226,52,22,39,28,8.9,Silty,413
Pulses,253,73,146,19,60,4.3,Chalky,1213
Rice,191,72,46,26,97,5.2,Sandy,1068
Soybean,173,82,71,34,22,8.1,Clay,465
Sugarcane,229,89,112,30,29,6.0,Sandy,919
Cotton,216,50,109,37,77,5.9,Sandy,465
Sugarcane,157,97,120,29,31,4.2,Sandy,985
Rice,139,26,149,36,54,5.4,Loamy,909
Barley,110,31,84,33,76,4.8,Chalky,949
Cotton,123,43,117,16,57,4.5,Loamy,1100
Groundnut,176,68,40,25,42,7.9,Clay,1205
Sugarcane,103,92,36,27,44,8.6,Clay,845
Groundnut,209,83,82,15,49,8.1,Sandy,1352
Maize,129,60,117,32,21,8.9,Peaty,1484
Rice,231,75,91,13,45,6.5,Loamy,1484
Wheat,228,69,112,35,47,7.2,Sandy,554
Millets,95,49,83,28,65,6.5,Sandy,784
Millets,200,98,48,32,43,4.0,Sandy,447
Sugarcane,241,38,26,32,54,8.9,Silty,914
Pulses,140,66,48,13,39,5.1,Peaty,1230
Sugarcane,166,43,139,23,67,5.4,Chalky,406
Barley,122,46,141,38,61,8.8,Sandy,689
Soybean,233,37,115,25,61,4.5,Loamy,1118
Cotton,180,34,133,35,55,4.7,Loamy,1464
Rice,51,96,43,32,50,7.6,Chalky,857
Sugarcane,177,49,40,40,95,7.9,Peaty,1064
Wheat,299,93,141,15,38,4.7,Peaty,915
Soybean,104,75,39,18,53,5.7,Clay,759
Maize,149,81,34,24,67,7.7,Clay,1093
Sugarcane,157,89,48,12,25,5.7,Loamy,956
Rice,148,81,37,26,66,4.8,Clay,691
Barley,220,65,150,37,46,6.1,Loamy,1167
Soybean,208,95,74,21,62,5.4,Loamy,427
Millets,66,34,108,22,80,8.7,Chalky,688
Cotton,256,87,74,18,50,6.7,Sandy,335
Millets,139,58,91,32,43,6.0,Peaty,516
Millets,129,76,141,22,85,4.2,Silty,1135
Groundnut,94,42,132,23,90,5.3,Silty,825
Maize,162,47,46,27,72,4.1,Silty,559
Groundnut,71,25,75,22,43,6.1,Peaty,775
Soybean,51,69,27,29,79,8.6,Loamy,806
Wheat,64,20,99,26,90,8.9,Silty,391
Sugarcane,280,67,114,14,57,8.5,Loamy,660
Sugarcane,212,27,99,25,71,7.4,Sandy,1285
Rice,156,78,86,32,78,6.3,Clay,460
Rice,161,30,147,32,85,8.1,Sandy,1457
Groundnut,117,96,96,25,66,7.4,Clay,1392
Cotton,127,69,88,16,22,4.8,Sandy,1248
Rice,51,43,33,11,61,6.0,Silty,1308
Barley,248,70,118,38,58,4.4,Peaty,1283
Rice,184,54,112,33,100,5.7,Silty,900
Soybean,168,30,115,28,31,5.5,Peaty,1167
Wheat,231,33,27,33,84,8.4,Clay,712
Maize,254,68,24,22,46,8.2,Chalky,1222
Rice,207,61,138,12,74,4.4,Loamy,1249
Maize,169,88,96,24,54,8.6,Silty,557
Soybean,120,41,65,20,87,7.7,Sandy,766
Sugarcane,289,55,57,28,59,6.5,Silty,783
Wheat,106,90,143,38,66,6.0,Clay,1288
Sugarcane,70,67,115,25,27,7.1,Peaty,958
Rice,272,34,143,38,58,7.7,Sandy,360
Rice,165,20,91,16,89,6.7,Chalky,735
Wheat,103,48,45,21,23,5.0,Loamy,1234
Maize,260,84,35,36,66,5.4,Silty,882
Cotton,251,66,70,32,27,6.6,Silty,510
Rice,67,98,90,21,59,6.4,Loamy,835
Wheat,296,40,138,34,100,6.9,Peaty,367
Millets,58,93,45,22,77,6.1,Clay,1244
Barley,220,78,54,20,77,6.4,Peaty,438
Soybean,55,92,129,25,52,5.8,Peaty,360
Soybean,64,47,33,19,63,7.7,Chalky,1239
Maize,55,93,91,15,33,8.7,Silty,1230
Millets,165,72,148,14,58,8.1,Peaty,1303
Millets,240,93,145,20,24,7.2,Clay,1442
Soybean,299,24,125,19,87,6.4,Chalky,1291
Cotton,124,69,97,12,46,9.0,Sandy,759
Groundnut,195,31,88,11,60,5.6,Peaty,833
Sugarcane,228,43,110,38,48,5.9,Sandy,1345
Cotton,190,80,150,16,70,8.7,Chalky,903
Soybean,129,66,116,23,50,6.5,Chalky,541
Rice,136,20,127,27,96,6.5,Chalky,452
Barley,259,51,85,26,46,4.6,Clay,508
Millets,278,53,35,24,44,5.4,Peaty,690
Soybean,126,67,49,19,83,6.2,Clay,534
Wheat,224,20,95,28,50,5.6,Chalky,537
Pulses,194,54,144,35,76,7.7,Peaty,389
Pulses,61,30,80,26,63,7.9,Chalky,784
Cotton,180,35,126,26,92,7.5,Clay,422
Millets,86,83,29,24,84,8.4,Chalky,1341
Maize,114,26,118,29,80,5.3,Clay,1218
Millets,171,94,41,20,38,6.9,Silty,703
Millets,77,72,116,38,91,8.7,Peaty,603
Rice,208,91,84,29,57,5.7,Loamy,1471
Cotton,225,50,112,38,95,8.0,Silty,1408
Cotton,299,37,60,16,61,5.5,Loamy,1169
Cotton,199,71,52,22,86,4.3,Clay,1326
Sugarcane,127,79,80,33,21,6.2,Loamy,905
Pulses,280,30,142,33,35,6.3,Chalky,1215
Millets,239,58,51,32,24,6.7,Silty,1178
Maize,279,94,74,16,64,5.0,Silty,594
Millets,84,46,71,33,31,6.6,Silty,1457
Maize,95,59,105,19,92,4.8,Peaty,1036
Wheat,133,50,78,32,52,6.5,Sandy,1272
Sugarcane,159,37,109,19,23,7.1,Loamy,1376
Barley,88,78,137,33,37,6.4,Chalky,945
Millets,298,50,96,34,25,8.0,Chalky,999
Sugarcane,293,92,117,25,41,8.3,Silty,445
Millets,113,89,107,13,60,6.1,Clay,427
Rice,202,28,83,22,93,4.7,Clay,1204
Wheat,109,37,90,27,56,4.2,Sandy,915
Groundnut,175,61,129,31,42,4.5,Chalky,998
Millets,91,53,75,37,58,5.0,Silty,1452
Pulses,67,76,144,24,23,6.9,Silty,1227
Sugarcane,151,99,86,21,66,4.5,Silty,1359
Wheat,165,33,98,33,46,8.5,Silty,1048
Millets,162,54,55,19,24,4.9,Sandy,1095
Barley,146,53,137,36,55,5.1,Peaty,398
Sugarcane,286,89,47,28,100,6.5,Silty,1376
Groundnut,64,94,46,15,81,4.5,Chalky,730
Pulses,205,33,47,36,38,6.1,Loamy,1266
Rice,275,62,83,19,91,7.8,Chalky,1112
Maize,80,87,23,27,55,8.1,Sandy,1446
Wheat,65,79,100,39,80,5.7,Silty,970
Wheat,214,86,71,25,91,7.3,Silty,820
Maize,262,60,130,11,77,7.1,Peaty,1085
Soybean,200,46,69,17,75,7.6,Clay,1248
Millets,84,20,133,28,25,5.5,Loamy,671
Pulses,234,65,56,32,49,8.7,Loamy,1065
Rice,149,39,109,35,55,6.8,Silty,450
Rice,152,60,150,30,47,8.9,Silty,1391
Millets,165,58,26,23,56,5.3,Loamy,902
Sugarcane,241,32,111,19,35,8.2,Loamy,967
Millets,283,98,79,38,25,7.8,Loamy,1316
Groundnut,76,41,60,36,94,5.1,Sandy,1233
Groundnut,260,27,87,25,62,4.2,Chalky,1253
Cotton,248,22,147,18,48,5.5,Chalky,1070
Soybean,200,70,138,27,23,4.7,Peaty,1160
Soybean,167,34,58,26,82,4.8,Chalky,708
Rice,274,52,80,40,28,5.2,Clay,933
Cotton,232,61,107,14,69,7.5,Silty,706
Millets,210,58,45,14,79,7.9,Chalky,1252
Groundnut,119,43,58,22,96,4.1,Peaty,1085
Wheat,82,39,66,39,56,7.6,Clay,683
Rice,166,88,64,30,84,4.3,Loamy,1149
Maize,295,52,75,28,57,8.1,Clay,1047
Rice,262,47,43,26,95,4.6,Sandy,344
Sugarcane,107,31,126,23,29,4.4,Sandy,1257
Wheat,63,87,126,38,32,6.1,Chalky,1383
Millets,78,20,33,34,64,8.0,Loamy,629
Wheat,114,34,120,35,78,8.0,Silty,741
Cotton,76,53,131,27,27,6.7,Sandy,981
Barley,247,30,81,11,55,6.0,Sandy,822
Sugarcane,153,72,86,33,55,8.7,Loamy,720
Soybean,90,47,88,28,36,7.6,Peaty,548
Rice,234,33,111,26,80,5.7,Clay,1348
Rice,247,52,141,27,54,8.6,Chalky,613
Soybean,175,51,28,35,88,4.1,Peaty,860
Groundnut,182,78,35,13,52,5.3,Chalky,1053
Sugarcane,251,68,35,22,55,8.0,Sandy,592
Pulses,144,47,130,13,60,8.7,Silty,908
Groundnut,90,65,80,20,27,4.8,Silty,960
Pulses,115,44,24,34,43,4.3,Silty,812
Barley,62,42,134,38,93,7.7,Chalky,832
Millets,267,25,67,29,91,4.8,Clay,512
Rice,128,32,33,18,32,6.2,Silty,353
Barley,112,52,67,14,87,6.7,Chalky,1264
Cotton,167,29,118,21,46,5.5,Loamy,573
Groundnut,281,52,47,33,96,4.6,Peaty,1488
Wheat,280,38,73,29,34,7.2,Sandy,527
Soybean,227,30,116,28,30,5.8,Loamy,1195
Rice,203,41,37,13,56,6.6,Chalky,713
Wheat,275,60,57,24,27,8.4,Peaty,1228
Soybean,168,96,145,24,77,9.0,Sandy,1118
Barley,169,55,97,13,53,5.2,Sandy,480
Barley,114,50,68,35,74,4.3,Clay,626
Cotton,254,71,48,18,73,8.3,Peaty,736
Soybean,202,29,142,38,94,7.4,Sandy,852
Maize,118,31,39,38,66,6.2,Loamy,1296
Wheat,91,53,144,37,46,7.0,Clay,903
Sugarcane,62,52,126,29,78,4.9,Sandy,963
Groundnut,154,36,101,11,89,8.9,Sandy,369
Millets,262,24,97,15,56,6.0,Clay,1147
Soybean,120,61,26,30,29,7.2,Silty,1303
Sugarcane,189,98,78,21,21,8.3,Silty,1305
Cotton,258,32,37,22,63,7.9,Clay,625
Rice,224,40,51,15,93,8.1,Sandy,1284
Millets,140,67,134,23,84,7.3,Loamy,1376
Soybean,248,40,106,15,71,5.7,Clay,377
Wheat,166,56,65,19,80,8.4,Silty,1403
Cotton,93,92,84,16,100,7.1,Clay,836
Wheat,280,44,58,32,33,9.0,Loamy,1019
Barley,74,47,86,18,56,6.2,Sandy,856
Sugarcane,126,68,134,29,68,7.9,Clay,1236
Millets,64,89,69,25,64,4.5,Clay,1462
Groundnut,52,40,54,19,80,7.3,Silty,513
Groundnut,129,80,140,24,27,6.0,Sandy,1009
Pulses,250,25,86,29,51,8.2,Loamy,869
Rice,188,53,142,12,31,4.8,Loamy,553
Pulses,270,52,26,31,26,5.6,Loamy,1235
Cotton,267,22,131,28,77,4.7,Peaty,345
Pulses,187,20,113,12,63,6.9,Loamy,350
Rice,59,28,36,18,85,4.9,Chalky,1307
Rice,217,23,69,22,57,6.3,Loamy,690
Barley,290,70,39,19,71,5.8,Peaty,321
Groundnut,98,35,31,27,90,5.5,Chalky,1040
Cotton,198,97,150,23,90,5.5,Loamy,791
Groundnut,201,91,67,16,89,4.6,Sandy,657
Barley,185,69,54,36,100,5.4,Clay,643
Rice,61,22,110,33,92,8.9,Clay,734
Rice,67,44,59,40,80,6.4,Peaty,409
Groundnut,296,90,91,37,28,7.1,Clay,679
Soybean,100,94,120,17,65,8.7,Chalky,921
Wheat,246,23,108,13,26,7.6,Peaty,719
Maize,77,98,114,16,49,7.1,Loamy,1276
Groundnut,199,74,136,22,34,8.5,Clay,624
Groundnut,294,25,63,27,46,5.6,Clay,869
Pulses,285,67,32,39,92,6.7,Chalky,1328
Sugarcane,163,86,131,24,61,6.9,Chalky,668
Millets,277,51,77,36,63,8.9,Chalky,1435
Cotton,50,76,136,17,73,8.9,Sandy,709
Cotton,148,96,147,40,26,4.1,Silty,587
Maize,194,61,113,14,86,8.0,Peaty,564
Maize,162,28,126,30,22,8.6,Clay,1024
Wheat,114,52,118,21,99,7.8,Loamy,490
Wheat,149,72,40,40,21,5.4,Loamy,524
Barley,141,54,35,22,49,7.5,Chalky,435
Barley,143,44,100,31,29,5.9,Clay,1208
Millets,255,25,64,21,27,7.7,Clay,851
Sugarcane,94,77,49,28,33,6.8,Peaty,893
Rice,249,57,99,20,99,8.5,Chalky,1228
Barley,107,97,149,37,98,4.5,Peaty,441
Groundnut,81,29,83,32,96,9.0,Clay,1437
Sugarcane,183,56,92,32,65,4.5,Peaty,655
Wheat,257,72,59,36,49,8.9,Loamy,1360
Cotton,194,60,136,13,100,5.1,Sandy,818
Pulses,124,85,44,22,63,4.2,Chalky,529
Cotton,131,64,71,31,89,7.9,Loamy,1068
Rice,146,29,63,22,35,7.9,Silty,1069
Cotton,102,62,111,16,72,7.8,Peaty,855
Rice,118,92,139,26,55,4.6,Clay,382
Soybean,243,38,107,20,91,4.6,Silty,1327
Cotton,189,27,118,21,70,4.5,Loamy,1445
Barley,261,90,116,24,73,4.2,Loamy,904
Rice,133,99,72,39,53,5.8,Chalky,1351
Barley,130,53,148,34,82,5.7,Silty,998
Soybean,186,63,131,32,73,6.5,Sandy,329
Millets,177,89,48,23,32,4.6,Chalky,568
Maize,135,74,35,24,21,6.9,Peaty,794
Cotton,295,95,135,27,45,6.3,Sandy,842
Pulses,236,25,50,18,67,6.3,Loamy,1175
Rice,299,87,41,34,72,5.9,Sandy,731
Soybean,297,80,71,35,21,8.7,Chalky,514
Groundnut,182,47,78,37,88,7.3,Sandy,453
Rice,109,68,80,38,95,5.4,Loamy,999
Pulses,52,57,96,14,53,6.0,Sandy,663
Barley,269,97,145,35,80,7.3,Silty,1179
Cotton,277,92,46,13,40,5.4,Loamy,899
Millets,94,33,44,24,23,8.0,Clay,315
Soybean,281,77,41,29,32,7.8,Chalky,673
Maize,114,53,85,19,52,8.4,Silty,592
Wheat,183,97,61,20,91,6.7,Silty,1208
Maize,256,75,138,24,27,8.5,Chalky,1498
Pulses,234,83,131,37,68,7.8,Peaty,419
Sugarcane,258,29,120,33,90,8.2,Chalky,1347
Pulses,270,47,44,34,55,7.8,Silty,1358
Soybean,164,44,137,22,79,5.6,Sandy,1162
Sugarcane,172,76,150,13,23,6.4,Clay,1039
Cotton,174,91,50,21,52,5.3,Sandy,579
Rice,186,81,134,26,46,7.1,Clay,591
Rice,70,44,56,37,96,5.2,Peaty,937
Groundnut,226,36,43,14,55,6.1,Peaty,591
Barley,154,64,92,38,64,5.7,Sandy,336
Pulses,60,41,51,22,68,5.0,Loamy,1054
Wheat,79,27,103,39,68,4.6,Peaty,722
Cotton,265,26,105,40,65,4.8,Peaty,995
Soybean,185,87,31,28,96,8.6,Clay,1414
Wheat,70,54,116,39,45,8.1,Peaty,779
Wheat,186,58,107,23,87,5.9,Clay,1405
Soybean,273,69,81,22,25,4.6,Loamy,1436
Cotton,223,76,150,30,31,7.3,Silty,913
Cotton,200,76,31,40,43,6.3,Peaty,952
Rice,100,35,147,20,21,5.1,Sandy,1096
Millets,295,94,89,20,65,8.6,Silty,779
Wheat,196,42,132,25,57,4.3,Silty,475
Rice,230,91,38,38,98,6.4,Sandy,1328
Sugarcane,221,85,118,35,38,6.0,Chalky,1268
Soybean,285,21,129,18,80,7.6,Sandy,889
Pulses,68,30,87,18,27,8.4,Sandy,508
Soybean,197,82,23,33,97,6.4,Chalky,1412
Rice,139,55,74,36,58,6.1,Clay,531
Sugarcane,123,73,107,31,33,5.6,Peaty,605
Rice,210,42,64,12,65,4.6,Chalky,767
Soybean,119,64,112,19,70,4.2,Loamy,701
Sugarcane,167,29,63,32,32,4.6,Sandy,1264
Soybean,53,81,66,16,41,7.7,Chalky,310
Maize,271,68,103,19,78,6.1,Clay,1065
Groundnut,117,69,118,22,83,4.5,Clay,397
Groundnut,123,40,84,27,57,6.6,Clay,1423
Cotton,199,61,85,28,65,7.5,Silty,591
Cotton,191,72,110,37,68,4.8,Chalky,1361
Maize,207,24,92,19,94,6.1,Peaty,1287
Pulses,67,22,85,13,93,5.6,Loamy,328
Barley,92,57,103,28,69,5.8,Chalky,721
Pulses,190,67,92,16,78,5.4,Silty,572
Wheat,227,88,55,14,29,7.6,Sandy,1450
Rice,262,84,104,37,34,5.1,Peaty,527
Groundnut,140,29,46,28,67,8.3,Clay,460
Pulses,54,91,61,37,66,7.1,Sandy,788
Pulses,240,37,122,14,29,5.7,Peaty,549
Barley,122,59,74,27,23,6.4,Chalky,1100
Soybean,269,89,109,30,93,4.4,Loamy,1092
Soybean,276,39,34,24,80,9.0,Peaty,957
Cotton,133,29,59,11,84,5.8,Silty,335
Pulses,58,71,65,15,75,6.1,Clay,711
Millets,294,20,65,35,35,4.6,Silty,429
Cotton,274,87,23,40,78,5.7,Sandy,615
Cotton,96,78,44,37,100,6.7,Silty,385
Soybean,123,73,129,36,94,4.2,Chalky,1039
Cotton,54,68,117,32,27,4.8,Chalky,960
Millets,118,24,111,25,99,6.5,Chalky,592
Groundnut,186,43,69,14,30,6.9,Sandy,1014
Millets,117,96,31,28,65,6.2,Clay,777
Sugarcane,264,79,37,19,47,8.0,Loamy,1041
Cotton,63,40,72,30,85,6.9,Silty,735
Soybean,291,55,145,11,32,7.6,Sandy,955
Groundnut,132,23,137,35,93,8.4,Sandy,660
Barley,194,43,72,34,40,5.0,Sandy,1165
Pulses,230,67,106,15,90,6.5,Clay,447
Rice,133,59,95,27,52,5.2,Sandy,819
Millets,288,45,67,20,98,7.1,Sandy,1482
Pulses,161,22,43,27,51,5.3,Silty,680
Barley,148,27,95,34,28,8.0,Clay,1181
Wheat,184,83,117,34,87,7.0,Peaty,1443
Groundnut,246,64,57,34,53,6.5,Peaty,1247
Maize,243,72,72,32,81,5.9,Sandy,666
Barley,233,44,77,30,60,8.1,Clay,1016
Barley,127,34,62,25,48,4.1,Clay,1433
Wheat,129,75,132,17,61,6.6,Loamy,1212
Wheat,221,23,135,37,88,4.5,Loamy,1017
Maize,240,64,98,36,83,8.9,Silty,441
Rice,108,51,147,39,67,4.2,Chalky,578
Maize,223,98,89,29,98,5.8,Peaty,897
Millets,257,45,69,18,61,7.1,Chalky,619
Millets,91,30,149,11,25,8.4,Sandy,327
Soybean,159,44,124,37,42,8.3,Silty,1244
Sugarcane,295,77,77,11,63,4.7,Peaty,902
Cotton,81,68,81,20,72,8.4,Sandy,1395
Sugarcane,258,38,74,26,98,8.6,Silty,945
Groundnut,150,45,80,37,74,8.1,Silty,1146
Wheat,223,77,95,15,58,7.9,Chalky,545
Pulses,181,23,26,35,44,8.4,Silty,622
Wheat,156,85,71,40,80,8.6,Clay,439
Soybean,276,97,140,37,93,5.5,Chalky,414
Pulses,176,86,22,21,73,8.4,Clay,1243
Millets,280,72,130,12,81,5.3,Chalky,926
Groundnut,224,70,58,15,36,6.9,Chalky,567
Rice,215,61,69,15,98,5.4,Silty,782
Soybean,104,60,65,11,95,8.3,Peaty,547
Pulses,192,84,149,39,52,7.1,Sandy,1023
Cotton,247,58,122,39,57,4.2,Peaty,1334
Millets,156,97,20,14,85,8.0,Chalky,1090
Groundnut,130,61,28,36,53,6.8,Loamy,389
Soybean,118,95,56,23,21,5.0,Peaty,572
Cotton,147,55,94,13,47,8.5,Peaty,551
Soybean,111,42,49,24,27,8.3,Chalky,796
Millets,147,90,66,31,39,6.9,Clay,397
Rice,111,52,88,11,67,4.4,Silty,638
Rice,222,58,124,26,21,9.0,Clay,591
Cotton,235,29,103,35,88,7.9,Silty,495
Sugarcane,246,78,102,22,76,4.9,Chalky,1364
Cotton,73,92,149,29,83,8.6,Chalky,946
Wheat,160,77,85,37,37,6.9,Loamy,986
Soybean,108,99,31,36,50,8.9,Clay,1238
Soybean,104,96,72,22,39,5.9,Clay,980
Groundnut,181,50,44,16,36,7.1,Clay,479
Wheat,175,20,58,29,38,8.7,Sandy,356
Barley,226,36,36,19,64,6.8,Sandy,1368
Rice,192,97,61,33,53,5.1,Clay,1410
Wheat,108,35,68,19,83,4.2,Loamy,1125
Soybean,152,40,81,37,58,6.7,Peaty,986
Cotton,70,25,65,22,47,7.2,Loamy,914
Sugarcane,286,54,149,24,29,8.8,Clay,1192
Maize,225,20,42,31,24,4.6,Sandy,1295
Sugarcane,198,72,53,26,84,8.2,Sandy,1331
Groundnut,61,89,106,37,63,8.8,Silty,1208
Groundnut,299,90,120,11,39,6.3,Sandy,854
Barley,181,85,56,36,26,7.1,Peaty,1156
Rice,164,31,109,31,67,7.8,Chalky,400
Millets,217,66,121,29,100,7.0,Chalky,1477
Groundnut,123,37,112,30,68,4.2,Clay,648
Groundnut,253,60,67,27,28,5.7,Peaty,613
Wheat,89,98,27,37,29,5.0,Chalky,432
Rice,101,34,110,26,41,8.7,Chalky,1245
Soybean,289,92,45,21,24,7.8,Peaty,973
Maize,90,95,112,12,31,6.0,Peaty,805
Millets,65,96,77,35,62,5.3,Loamy,450
Maize,212,94,137,34,82,6.5,Sandy,762
Rice,196,48,30,13,54,8.3,Peaty,869
Groundnut,89,47,42,36,28,4.8,Sandy,774
Groundnut,262,100,70,13,60,6.4,Peaty,945
Millets,179,32,106,27,61,5.6,Clay,1189
Groundnut,265,73,110,33,59,6.3,Clay,467
Cotton,241,80,138,11,21,5.2,Chalky,310
Groundnut,217,89,122,17,92,5.3,Loamy,1499
Millets,218,24,42,22,31,6.9,Peaty,729
Maize,263,30,111,16,47,6.0,Silty,1194
Wheat,159,72,33,16,65,6.0,Loamy,1025
Cotton,298,32,128,32,71,8.4,Peaty,546
Pulses,63,82,146,34,97,6.1,Sandy,1420
Millets,103,36,150,39,25,4.6,Sandy,573
Pulses,249,53,132,19,52,6.2,Chalky,1430
Millets,215,42,68,40,90,6.7,Peaty,1013
Rice,234,20,107,20,62,5.4,Peaty,401
Groundnut,66,51,27,16,24,7.8,Sandy,863
Rice,125,70,136,29,99,7.0,Sandy,680
Millets,165,62,50,14,47,5.3,Sandy,1168
Barley,233,25,129,14,99,4.8,Loamy,700
Pulses,124,95,78,33,47,4.6,Sandy,417
Groundnut,189,74,132,29,74,8.0,Loamy,384
Maize,237,63,107,13,79,4.5,Loamy,1067
Sugarcane,246,25,78,23,36,5.7,Chalky,668
Wheat,287,89,47,38,36,7.0,Silty,850
Barley,75,22,58,11,79,4.1,Sandy,1438
Rice,252,81,25,32,50,5.4,Peaty,1014
Maize,249,78,50,38,56,4.9,Sandy,834
Barley,162,92,84,32,56,8.7,Silty,926
Wheat,103,46,35,30,28,7.6,Peaty,556
Rice,236,85,121,22,39,4.3,Peaty,649
Pulses,212,49,39,24,82,5.0,Silty,1358
Pulses,74,67,95,39,68,4.1,Peaty,1493
Barley,105,90,80,38,99,8.4,Silty,510
Barley,225,80,88,31,93,8.6,Clay,583
Millets,245,64,49,37,37,5.3,Clay,1337
Millets,99,43,60,23,91,8.5,Loamy,410
Millets,211,85,112,21,24,5.8,Peaty,1086
Rice,158,63,133,21,59,6.7,Clay,438
Soybean,85,90,108,24,36,5.1,Chalky,585
Maize,60,43,37,11,36,8.4,Sandy,1099
Groundnut,119,77,87,11,60,4.0,Loamy,1333
Groundnut,252,23,66,27,45,4.8,Clay,525
Wheat,119,82,115,34,98,6.7,Silty,1214
Barley,290,78,68,38,74,6.9,Sandy,784
Sugarcane,196,57,53,15,94,5.5,Silty,1157
Pulses,186,51,83,14,47,4.1,Chalky,797
Pulses,262,79,24,15,89,4.9,Clay,967
Groundnut,220,80,60,19,48,8.5,Clay,882
Wheat,154,81,143,24,82,6.1,Silty,438
Pulses,82,63,52,11,32,7.1,Sandy,434
Groundnut,94,35,41,22,50,5.7,Peaty,829
Cotton,94,63,74,27,23,8.4,Loamy,544
Sugarcane,231,74,116,13,97,7.4,Silty,1033
Pulses,137,69,97,38,75,7.3,Silty,878
Barley,236,55,46,11,94,7.2,Clay,832
Soybean,188,42,138,35,42,8.7,Peaty,1243
Soybean,285,84,91,17,58,4.6,Peaty,917
Pulses,264,91,83,11,31,4.6,Chalky,1130
Sugarcane,299,71,20,14,43,6.0,Sandy,574
Wheat,204,25,105,38,22,9.0,Loamy,933
Wheat,74,53,55,22,69,7.0,Peaty,551
Sugarcane,132,69,30,39,24,5.4,Loamy,1318
Groundnut,283,33,134,25,89,8.2,Sandy,1113
Rice,100,51,117,23,60,5.5,Silty,816
Sugarcane,272,31,120,11,46,8.5,Chalky,465
Wheat,163,100,107,23,96,4.3,Peaty,397
Sugarcane,181,67,70,15,72,4.8,Silty,1313
Millets,208,57,149,14,27,8.3,Clay,1032
Wheat,59,26,127,34,56,4.1,Clay,1210
Millets,209,75,72,27,48,5.8,Clay,1336
Maize,108,46,71,18,96,6.0,Silty,960
Sugarcane,197,59,122,23,88,8.0,Chalky,955
Soybean,287,57,100,38,86,4.5,Peaty,1160
Cotton,188,28,66,12,46,7.5,Clay,835
Barley,300,77,94,31,63,7.6,Chalky,316
Maize,212,78,89,39,76,8.9,Peaty,1246
Cotton,260,84,56,17,73,4.3,Peaty,1301
Millets,126,37,61,18,69,6.4,Silty,893
Rice,58,92,125,16,98,6.8,Silty,571
Rice,119,73,149,33,30,8.8,Chalky,772
Maize,74,86,115,12,22,8.0,Chalky,658
Barley,122,22,20,13,92,4.6,Loamy,1076
Soybean,198,52,106,15,66,7.0,Peaty,1345
Wheat,94,47,86,23,76,5.7,Clay,621
Sugarcane,253,82,120,21,95,4.1,Sandy,1016
Cotton,138,49,136,29,59,5.9,Loamy,1365
Barley,86,96,57,11,96,7.7,Sandy,445
Cotton,209,78,76,20,69,8.3,Peaty,806
Soybean,276,94,88,13,85,8.2,Chalky,525
Soybean,266,80,149,16,24,8.9,Chalky,1261
Barley,52,24,50,30,45,7.5,Sandy,737
Groundnut,278,39,69,32,33,4.3,Silty,386
Soybean,177,42,138,23,73,5.3,Peaty,1107
Barley,290,72,131,28,80,7.8,Loamy,1213
Rice,115,67,77,35,75,4.7,Sandy,474
Sugarcane,267,22,95,26,72,5.9,Peaty,646
Millets,282,68,58,16,94,4.1,Sandy,1195
Soybean,217,60,51,38,96,5.9,Peaty,1400
Pulses,136,71,25,11,83,8.9,Clay,879
Rice,125,44,94,40,59,5.6,Peaty,696
Wheat,124,46,20,14,52,7.2,Clay,1360
Millets,100,94,77,14,93,6.2,Silty,1321
Wheat,149,89,63,24,42,7.9,Loamy,939
Maize,129,52,106,21,59,6.9,Silty,1406
Rice,133,32,87,24,81,7.8,Silty,974
Cotton,126,86,51,16,47,4.4,Silty,747
Wheat,193,57,81,18,77,7.1,Clay,765
Soybean,184,69,131,32,57,7.0,Chalky,1379
Soybean,151,100,45,34,37,5.7,Silty,332
Barley,259,60,35,28,82,6.0,Silty,749
Pulses,193,51,83,19,90,7.6,Loamy,1256
Maize,70,95,34,34,29,7.6,Chalky,541
Maize,258,46,102,21,21,8.5,Sandy,954
Barley,217,56,87,18,58,5.3,Clay,414
Millets,167,86,96,20,50,5.5,Sandy,1197
Sugarcane,186,72,114,35,61,6.1,Sandy,1367
Pulses,293,89,81,24,76,6.4,Loamy,1369
Wheat,174,28,20,36,57,5.2,Loamy,803
Wheat,260,99,143,20,52,5.0,Peaty,363
Millets,51,63,92,22,91,8.5,Sandy,631
Pulses,156,22,44,21,42,4.7,Loamy,1088
Barley,73,35,91,16,57,6.5,Chalky,1264
Cotton,178,42,49,19,31,4.7,Clay,1104
Rice,70,97,59,29,50,7.4,Silty,917
Rice,138,54,138,16,82,5.0,Clay,1022
Wheat,272,22,37,34,70,8.4,Clay,787
Pulses,281,48,137,20,44,6.1,Sandy,751
Wheat,282,32,47,24,91,7.0,Peaty,317
Soybean,114,69,64,22,21,8.3,Clay,1235
Maize,149,68,121,16,65,7.9,Chalky,1254
Maize,244,30,39,14,98,4.3,Silty,533
Millets,102,96,56,35,91,8.4,Loamy,1241
Groundnut,53,88,76,17,68,6.5,Loamy,1471
Cotton,227,39,78,18,83,5.6,Silty,1241
Barley,229,71,126,38,71,5.7,Silty,947
Maize,243,49,118,30,63,6.4,Peaty,708
Millets,215,59,145,31,34,6.2,Clay,1155
Wheat,168,83,149,31,89,8.9,Chalky,1199
Cotton,253,70,38,22,66,5.9,Clay,698
Maize,128,63,107,21,40,4.4,Sandy,897
Groundnut,125,27,81,34,23,5.1,Sandy,336
Soybean,210,37,77,38,84,4.1,Silty,496
Maize,203,28,44,32,46,7.9,Peaty,1229
Maize,116,59,115,34,88,7.8,Clay,487
Millets,165,92,94,31,85,4.5,Peaty,868
Barley,135,25,126,40,90,5.4,Clay,416
Wheat,111,66,26,25,29,5.6,Silty,722
Wheat,136,92,149,29,41,5.2,Loamy,1383
Groundnut,236,22,21,12,69,5.2,Silty,1132
Sugarcane,276,59,32,38,75,6.3,Peaty,712
Rice,167,82,58,16,98,8.3,Sandy,1035
Groundnut,150,60,125,30,44,6.7,Clay,1164
Barley,186,20,44,29,29,4.6,Chalky,554
Pulses,76,95,80,29,54,7.5,Sandy,1213
Sugarcane,214,50,67,30,66,8.0,Sandy,932
Soybean,139,51,24,27,27,4.4,Silty,1215
Maize,195,75,69,24,22,7.2,Peaty,664
Wheat,138,89,96,34,84,6.5,Peaty,1265
Sugarcane,62,79,69,23,53,5.2,Clay,1297
Soybean,74,46,146,19,32,4.8,Loamy,574
Rice,239,81,73,40,33,7.5,Clay,421
Barley,196,66,88,38,60,5.3,Chalky,495
Maize,273,81,31,26,37,8.5,Clay,1045
Pulses,78,26,50,29,45,5.6,Silty,1494
Cotton,245,69,147,15,37,4.9,Clay,991
Cotton,128,36,148,18,64,4.8,Peaty,666
Cotton,234,70,126,15,86,7.3,Loamy,1365
Millets,277,98,25,19,29,7.3,Silty,651
Cotton,55,48,42,18,43,8.6,Sandy,863
Pulses,261,88,80,15,21,5.6,Chalky,1170
Cotton,270,28,95,23,60,8.5,Clay,1213
Soybean,282,82,82,19,32,8.5,Chalky,759
Barley,230,50,88,33,59,7.5,Peaty,771
Cotton,234,54,49,13,83,7.5,Sandy,484
Millets,117,68,112,32,62,6.2,Clay,369
Barley,188,49,96,17,87,4.5,Chalky,832
Groundnut,218,62,150,21,92,5.4,Sandy,454
Wheat,201,67,79,29,89,7.9,Sandy,1470
Wheat,103,93,96,27,30,8.5,Silty,466
Sugarcane,106,91,26,14,47,7.2,Silty,672
Rice,66,52,95,14,99,5.2,Sandy,329
Sugarcane,215,58,90,37,86,7.7,Chalky,623
Soybean,258,28,78,35,57,7.9,Sandy,1183
Wheat,276,82,48,33,56,4.8,Silty,995
Millets,266,32,89,22,69,6.7,Clay,1464
Wheat,269,57,58,11,56,5.3,Peaty,441
Rice,210,56,80,30,48,9.0,Silty,1249
Cotton,144,90,68,11,91,8.5,Clay,1277
Barley,245,43,99,22,57,6.1,Peaty,1366
Sugarcane,129,43,25,32,62,6.5,Sandy,1277
Groundnut,89,47,49,11,88,7.9,Silty,635
Cotton,260,61,21,21,69,8.1,Clay,991
Wheat,187,41,51,36,93,6.5,Silty,444
Cotton,231,75,49,13,91,4.7,Sandy,348
Cotton,217,67,99,16,52,6.0,Sandy,1295
Cotton,290,71,143,14,43,6.7,Silty,458
Pulses,268,84,90,15,89,8.2,Peaty,1162
Groundnut,267,62,92,20,54,8.8,Chalky,1418
Sugarcane,67,44,144,23,58,8.5,Chalky,1228
Barley,267,66,52,18,39,7.2,Peaty,939
Soybean,166,91,28,23,37,6.3,Peaty,774
Rice,56,37,23,19,80,6.1,Sandy,955
Rice,214,36,128,12,61,4.7,Chalky,432
Wheat,246,63,37,20,80,5.2,Loamy,620
Millets,113,48,117,22,46,6.2,Sandy,760
Millets,285,93,123,35,85,6.4,Loamy,615
Millets,182,92,87,24,38,7.5,Silty,1468
Pulses,211,60,132,11,75,4.3,Silty,454
Barley,288,29,47,26,63,7.0,Silty,461
Groundnut,295,86,48,32,32,8.0,Chalky,601
Soybean,92,52,120,24,63,8.8,Silty,961
Maize,254,50,137,39,40,4.2,Sandy,330
Millets,296,69,109,21,57,4.1,Silty,1014
Wheat,128,93,97,19,42,7.2,Loamy,1393
Rice,200,90,60,30,31,6.6,Chalky,1076
Barley,160,52,84,11,38,4.0,Loamy,1075
Rice,163,93,41,16,21,6.7,Silty,449
Rice,57,77,99,35,24,6.3,Peaty,782
Maize,83,54,99,38,62,4.0,Clay,1008
Soybean,69,73,132,32,83,7.5,Peaty,430
Pulses,163,83,141,19,52,4.3,Clay,1270
Wheat,242,38,84,26,75,4.9,Loamy,733
Millets,196,65,96,35,99,8.9,Clay,885
Millets,100,87,95,14,23,7.0,Loamy,531
Groundnut,150,86,101,39,76,6.0,Chalky,576
Cotton,158,98,57,31,95,6.0,Chalky,1396
Soybean,183,78,140,30,75,8.4,Loamy,934
Rice,227,30,122,31,85,7.6,Silty,1080
Sugarcane,54,89,93,11,27,4.1,Clay,1197
Cotton,73,62,118,23,63,7.0,Silty,491
Barley,204,43,101,19,52,8.8,Sandy,1255
Soybean,74,21,75,23,70,4.1,Clay,1092
Cotton,68,44,23,20,100,7.0,Chalky,857
Wheat,57,82,35,39,73,7.7,Silty,711
Soybean,138,45,135,33,48,7.4,Clay,703
Millets,117,60,104,28,79,6.5,Peaty,1364
Rice,119,55,116,20,79,6.2,Silty,831
Soybean,128,85,142,29,100,4.4,Chalky,1488
Groundnut,175,64,76,36,45,7.5,Silty,736
Groundnut,160,22,38,39,60,5.3,Silty,1393
Groundnut,125,61,34,34,37,6.6,Chalky,502
Sugarcane,227,95,86,11,99,7.4,Sandy,556
Soybean,182,99,90,12,86,6.7,Loamy,703
Maize,285,84,145,19,98,8.1,Clay,494
Maize,250,82,61,19,26,4.4,Loamy,402
Wheat,131,29,31,32,91,6.3,Clay,1396
Pulses,71,74,39,13,34,7.3,Chalky,1067
Barley,84,40,145,12,58,4.1,Chalky,1454
Soybean,258,51,26,21,44,6.9,Peaty,1449
Soybean,285,78,36,36,26,8.6,Loamy,1266
Millets,61,87,32,25,41,7.2,Silty,1136
Rice,121,86,118,32,36,8.3,Peaty,1317
Barley,174,72,132,27,50,6.6,Peaty,760
Rice,83,51,47,17,42,5.2,Silty,648
Cotton,170,48,111,11,71,4.8,Sandy,1042
Pulses,181,83,98,38,28,6.7,Sandy,1128
Barley,81,79,33,19,48,6.7,Silty,477
Rice,205,67,131,34,39,7.9,Loamy,973
Barley,77,43,99,37,24,7.9,Sandy,346
Groundnut,136,76,115,17,63,5.0,Sandy,1090
Soybean,200,45,42,18,91,7.9,Sandy,507
Maize,124,26,79,33,75,6.9,Clay,1004
Groundnut,151,27,149,29,82,5.2,Sandy,1152
Wheat,66,78,20,13,64,7.8,Loamy,963
Millets,129,44,44,27,64,4.2,Loamy,1267
Barley,220,46,107,27,62,7.9,Peaty,836
Barley,149,43,44,33,27,5.0,Chalky,833
Millets,59,80,83,19,56,5.3,Clay,604
Maize,281,24,84,38,37,7.7,Chalky,1200
Pulses,187,52,131,27,89,5.3,Silty,1163
Rice,298,94,144,12,78,4.6,Silty,894
Rice,101,78,146,13,88,6.7,Loamy,1190
Cotton,209,88,24,38,90,7.5,Clay,397
Groundnut,95,90,60,12,30,8.1,Peaty,1392
Wheat,115,83,35,34,83,7.4,Clay,1010
Groundnut,89,49,134,29,75,6.7,Loamy,704
Cotton,141,87,56,18,99,7.6,Chalky,1020
Groundnut,86,66,94,29,59,7.9,Loamy,1181
Millets,194,24,141,26,37,6.5,Sandy,1270
Sugarcane,191,30,34,14,78,7.9,Peaty,974
Groundnut,280,71,142,22,93,6.4,Silty,436
Wheat,141,94,37,32,50,4.8,Chalky,736
Maize,232,90,20,35,22,8.5,Silty,622
Millets,262,26,114,19,27,5.2,Sandy,550
Pulses,209,32,92,39,43,6.0,Silty,1336
Maize,107,72,124,38,99,7.5,Peaty,640
Barley,262,68,43,30,64,8.2,Chalky,761
Wheat,251,31,80,18,95,6.5,Clay,1166
Soybean,236,34,75,40,93,6.5,Clay,817
Sugarcane,77,73,89,19,55,5.1,Loamy,313
Barley,187,96,104,30,24,5.2,Chalky,1250
Groundnut,118,90,79,25,79,5.5,Sandy,531
Groundnut,82,46,128,15,53,7.1,Clay,1456
Maize,290,79,48,20,43,7.0,Loamy,1083
Maize,230,21,30,14,91,5.3,Sandy,1040
Sugarcane,180,37,127,13,90,5.4,Silty,672
Millets,189,98,72,23,75,5.0,Clay,1077
Barley,124,55,118,19,93,8.6,Loamy,1093
Cotton,131,90,32,25,67,5.0,Chalky,1068
Maize,65,30,68,28,96,6.4,Sandy,1109
Millets,131,79,140,19,47,7.4,Sandy,901
Groundnut,284,51,128,29,47,8.8,Silty,668
Millets,201,78,51,11,77,5.0,Clay,520
Pulses,289,27,43,22,39,6.3,Sandy,417
Soybean,187,83,49,28,47,5.8,Silty,796
Soybean,112,97,47,16,78,7.5,Sandy,996
Cotton,174,58,23,40,94,8.4,Sandy,1467
Rice,272,94,130,35,90,8.8,Peaty,981
Soybean,220,92,62,27,100,7.9,Clay,755
Soybean,128,99,20,27,26,5.5,Sandy,372
Barley,66,23,52,30,31,8.8,Clay,1422
Soybean,148,93,43,31,89,5.2,Peaty,704
Groundnut,276,53,79,14,56,6.6,Sandy,380
Millets,175,38,35,36,37,9.0,Silty,555
Groundnut,80,45,102,18,50,7.5,Chalky,639
Pulses,272,65,92,33,37,6.5,Clay,897
Cotton,261,71,115,22,74,7.4,Silty,1292
Groundnut,131,36,129,38,67,4.4,Peaty,1057
Millets,71,46,22,12,56,4.8,Silty,1003
Wheat,167,88,54,39,81,6.9,Sandy,1066
Maize,166,81,121,27,32,8.6,Chalky,1165
Millets,183,98,82,22,94,5.7,Loamy,1303
Sugarcane,239,84,39,39,43,6.2,Silty,383
Sugarcane,236,87,61,13,100,6.7,Loamy,611
Groundnut,147,97,72,20,100,4.4,Silty,771
Maize,264,43,145,15,51,7.2,Loamy,968
Sugarcane,167,24,112,29,36,7.0,Clay,596
Sugarcane,213,23,142,32,72,5.3,Clay,822
Cotton,61,45,54,20,59,4.8,Peaty,1022
Groundnut,101,71,37,28,77,8.1,Silty,1047
Sugarcane,238,46,138,12,36,6.2,Sandy,846
Barley,55,84,140,15,22,7.5,Clay,1249
Maize,122,31,108,28,44,5.3,Clay,309
Maize,119,57,58,39,37,7.6,Silty,1475
Sugarcane,290,81,99,25,54,4.5,Loamy,1088
Pulses,135,71,38,12,27,8.5,Loamy,1459
Rice,237,54,54,36,60,4.5,Sandy,1082
Barley,285,34,101,12,24,7.5,Loamy,488
Pulses,88,48,59,16,67,6.7,Chalky,1216
Barley,98,30,132,11,42,6.6,Chalky,1300
Rice,57,85,70,31,72,8.4,Loamy,791
Soybean,51,43,62,15,62,6.6,Loamy,1256
Pulses,277,47,97,37,53,7.9,Clay,381
Rice,132,47,36,40,98,7.2,Chalky,1105
Barley,224,77,113,14,78,6.8,Silty,424
Pulses,243,51,47,31,65,8.2,Sandy,779
Maize,250,55,150,26,34,4.4,Silty,628
Rice,65,96,88,14,33,6.3,Loamy,456
Millets,73,36,28,25,87,6.2,Loamy,376
Barley,207,91,33,33,46,5.5,Silty,974
Maize,211,74,46,26,22,8.7,Sandy,735
Millets,221,58,102,39,46,8.9,Sandy,588
Soybean,67,32,141,38,31,5.9,Chalky,877
Soybean,98,89,43,34,91,5.6,Sandy,323
Barley,68,87,83,33,66,8.5,Peaty,744
Barley,279,36,105,11,32,7.8,Peaty,846
Groundnut,222,93,76,17,70,8.8,Silty,1370
Cotton,288,89,28,28,43,8.9,Silty,790
Cotton,108,97,94,25,95,5.9,Clay,711
Rice,85,34,131,21,84,6.0,Silty,1473
Pulses,71,46,138,22,99,7.1,Chalky,914
Cotton,121,68,33,34,73,6.1,Chalky,1142
Maize,165,62,100,33,42,5.2,Silty,753
Wheat,184,89,43,35,36,5.7,Chalky,1080
Pulses,270,86,21,38,93,5.6,Loamy,1096
Soybean,251,72,49,37,72,5.8,Sandy,489
Soybean,160,70,104,32,84,5.8,Peaty,1328
Maize,154,51,43,14,27,6.1,Loamy,1500
Millets,63,27,38,14,27,7.2,Loamy,1198
Sugarcane,90,52,34,32,66,5.5,Clay,1098
Wheat,105,28,138,15,56,7.4,Sandy,1239
Sugarcane,106,31,73,36,32,5.5,Silty,1135
Rice,178,68,130,12,54,5.8,Silty,987
Groundnut,239,48,142,38,87,4.6,Chalky,1419
Cotton,168,57,119,14,29,8.8,Silty,1430
Pulses,258,57,100,18,35,6.3,Clay,1310
Barley,120,95,129,29,46,4.7,Loamy,739
Barley,253,95,106,19,45,7.2,Sandy,583
Cotton,90,57,53,25,68,7.4,Silty,324
Sugarcane,76,76,115,17,26,7.7,Clay,619
Millets,232,100,55,29,63,7.6,Chalky,815
Groundnut,179,74,27,40,61,8.2,Peaty,674
Soybean,143,38,25,32,92,8.5,Loamy,613
Sugarcane,261,64,133,27,57,6.1,Clay,926
Barley,99,94,75,22,79,7.9,Loamy,1498
Maize,111,79,70,24,40,6.5,Clay,409
Rice,101,74,106,12,23,8.2,Loamy,1002
Wheat,124,40,110,21,68,4.7,Silty,704
Groundnut,204,80,26,31,87,5.9,Peaty,1027
Maize,286,65,93,39,26,4.2,Peaty,776
Maize,91,46,137,17,90,6.8,Silty,756
Groundnut,230,75,47,22,36,4.7,Silty,662
Cotton,258,32,22,32,82,7.7,Peaty,1446
Pulses,161,54,76,29,92,4.8,Silty,929
Soybean,58,60,111,12,81,6.7,Loamy,1235
Millets,239,29,27,36,55,4.8,Loamy,1473
Cotton,258,22,110,20,30,8.0,Chalky,892
Sugarcane,259,98,50,38,60,8.5,Clay,926
Pulses,99,93,87,31,94,7.9,Sandy,1215
Millets,116,72,32,11,81,4.4,Chalky,1166
Millets,96,28,111,29,94,4.2,Loamy,334
Millets,194,80,105,27,100,6.8,Sandy,676
Millets,191,40,124,22,56,7.5,Peaty,936
Millets,53,36,97,36,24,4.0,Sandy,356
Rice,174,47,131,23,47,5.9,Sandy,790
Millets,218,64,127,24,83,5.5,Loamy,612
Wheat,281,67,137,35,34,6.1,Sandy,1387
Pulses,283,27,23,30,46,7.9,Peaty,884
Millets,100,92,93,36,75,8.6,Chalky,807
Millets,259,88,139,38,59,6.9,Silty,1172
Soybean,189,66,30,21,55,7.6,Chalky,1173
Cotton,163,87,114,30,92,7.9,Clay,600
Rice,176,37,130,27,43,4.3,Loamy,1196
Millets,296,44,25,11,21,8.9,Chalky,418
Barley,285,81,141,20,42,8.0,Chalky,1419
Barley,73,57,133,30,83,7.5,Loamy,302
Rice,102,43,96,16,79,6.8,Silty,1352
Millets,162,28,121,29,98,7.3,Sandy,501
Sugarcane,74,29,105,16,47,8.6,Chalky,315
Cotton,89,90,48,11,26,4.4,Sandy,1205
Millets,84,83,66,12,23,6.2,Peaty,1150
Barley,90,31,78,18,31,8.7,Silty,1260
Sugarcane,207,83,141,12,55,4.4,Chalky,1164
Wheat,52,83,61,31,66,6.4,Silty,814
Soybean,52,25,37,34,31,6.4,Peaty,776
Sugarcane,247,23,108,11,39,8.5,Loamy,855
Millets,151,53,130,12,97,6.8,Chalky,417
Sugarcane,199,45,67,40,76,8.2,Chalky,1477
Rice,102,52,130,38,85,7.4,Clay,1325
Wheat,148,38,129,31,49,5.0,Clay,1481
Groundnut,145,78,134,27,25,7.5,Loamy,687
Barley,236,49,137,29,68,6.6,Sandy,1190
Millets,53,78,96,16,41,5.6,Loamy,857
Groundnut,278,82,20,13,86,8.1,Sandy,1147
Pulses,60,88,92,29,29,8.3,Sandy,1315
Pulses,284,38,137,29,80,6.6,Silty,1040
Sugarcane,252,99,34,20,49,6.0,Clay,1290
Millets,178,74,122,14,67,8.8,Peaty,311
Groundnut,233,23,116,22,25,4.0,Loamy,659
Sugarcane,130,62,74,18,94,8.1,Peaty,775
Barley,214,47,28,22,68,4.5,Chalky,979
Wheat,272,70,51,35,50,7.6,Silty,1020
Sugarcane,209,93,103,21,24,8.4,Silty,994
Soybean,156,83,97,17,49,7.2,Sandy,551
Groundnut,241,46,72,27,27,6.7,Silty,901
Barley,158,95,102,22,75,6.3,Loamy,671
Millets,244,39,63,31,60,5.3,Chalky,983
Cotton,95,58,123,26,51,4.2,Chalky,589
Maize,182,35,54,36,51,8.2,Silty,866
Barley,79,37,115,20,46,5.4,Peaty,616
Maize,218,39,65,35,81,5.7,Chalky,328
Maize,217,24,139,40,57,5.3,Loamy,822
Cotton,69,83,47,16,47,7.9,Silty,395
Barley,80,53,136,14,35,6.1,Silty,336
Wheat,204,25,57,14,90,8.5,Silty,649
Cotton,197,42,42,16,43,4.3,Chalky,824
Maize,273,70,119,22,58,7.3,Chalky,664
Groundnut,255,98,145,32,84,6.3,Silty,915
Barley,72,46,91,16,65,7.0,Silty,559
Sugarcane,191,90,54,19,45,4.6,Loamy,338
Millets,67,94,110,22,50,9.0,Loamy,545
Cotton,244,79,140,33,59,8.4,Chalky,1335
Cotton,72,65,117,27,65,6.3,Chalky,1446
Maize,126,20,62,21,64,7.1,Silty,704
Sugarcane,262,34,48,39,70,7.0,Loamy,1386
Sugarcane,183,43,69,15,72,6.2,Clay,1059
Cotton,50,87,35,24,69,5.5,Silty,318
Rice,133,44,114,20,80,4.6,Sandy,591
Soybean,281,74,121,20,89,5.0,Silty,518
Cotton,168,87,145,38,43,6.8,Peaty,1223
Pulses,293,84,126,19,73,7.2,Loamy,984
Sugarcane,80,47,32,17,59,5.4,Peaty,1035
Groundnut,278,43,127,26,45,8.0,Loamy,982
Cotton,238,55,145,27,81,6.7,Sandy,951
Pulses,251,89,22,12,30,6.9,Sandy,839
Rice,122,61,44,31,78,8.3,Chalky,411
Millets,61,78,143,30,72,4.7,Loamy,1283
Wheat,161,81,97,28,94,8.2,Silty,636
Barley,300,62,33,16,31,4.9,Loamy,875
Wheat,140,86,136,40,25,6.6,Silty,331
Soybean,164,29,66,30,96,6.5,Sandy,1367
Barley,83,26,124,15,44,8.1,Chalky,925
Maize,270,93,143,12,88,4.5,Sandy,702
Wheat,74,43,66,35,44,8.8,Peaty,580
Maize,83,58,44,13,37,4.9,Chalky,984
Cotton,214,36,92,35,51,6.1,Silty,763
Rice,55,26,84,14,59,5.3,Clay,663
Barley,176,74,138,36,94,8.2,Sandy,795
Rice,60,78,46,25,79,4.5,Silty,434
Millets,67,88,141,19,59,5.6,Silty,373
Barley,187,45,28,30,47,5.3,Clay,780
Maize,285,65,68,19,68,5.1,Sandy,1128
Groundnut,192,50,150,34,52,5.8,Sandy,913
Maize,53,88,53,34,48,6.6,Peaty,1137
Sugarcane,272,97,132,13,57,6.4,Clay,526
Pulses,83,85,28,36,32,8.0,Loamy,414
Pulses,63,67,40,40,95,8.1,Peaty,1266
Pulses,79,88,144,22,92,4.4,Peaty,551
Rice,172,61,62,32,76,5.3,Clay,653
Soybean,164,70,81,38,85,8.7,Peaty,1345
Millets,160,96,69,37,93,4.4,Loamy,1389
Sugarcane,233,86,48,20,24,5.0,Chalky,463
Rice,92,81,47,24,100,5.2,Peaty,1437
Groundnut,57,30,107,22,30,8.1,Chalky,1238
Cotton,255,55,64,37,26,5.9,Clay,1109
Rice,240,28,101,18,26,8.5,Loamy,1040
Sugarcane,107,93,109,22,27,7.8,Silty,1134
Maize,117,59,64,35,37,7.2,Silty,921
Cotton,206,68,32,26,75,7.1,Sandy,725
Groundnut,96,30,46,30,66,5.9,Peaty,563
Wheat,206,30,105,37,80,8.4,Loamy,743
Groundnut,62,44,137,22,76,5.7,Peaty,988
Millets,167,81,53,16,40,8.8,Sandy,748
Sugarcane,289,92,98,21,23,6.3,Sandy,1305
Sugarcane,196,20,59,28,34,5.2,Peaty,888
Groundnut,58,88,30,31,88,5.2,Chalky,1253
Barley,246,85,38,37,22,7.5,Loamy,1498
Pulses,213,62,110,24,66,5.2,Chalky,569
Millets,259,73,150,12,41,6.1,Loamy,1293
Soybean,229,89,88,26,40,8.6,Clay,1288
Sugarcane,103,55,114,20,22,5.1,Clay,865
Pulses,161,37,31,39,42,7.8,Silty,1071
Barley,223,37,28,21,22,8.1,Silty,968
Soybean,251,26,68,23,78,6.1,Loamy,691
Groundnut,64,83,20,28,90,7.1,Peaty,537
Sugarcane,205,67,71,14,34,7.7,Silty,1329
Soybean,123,52,47,17,97,5.2,Silty,687
Groundnut,126,47,24,30,58,6.1,Loamy,1287
Maize,61,21,136,32,68,4.8,Peaty,953
Pulses,129,74,48,33,100,5.4,Sandy,451
Soybean,96,30,51,28,58,4.7,Peaty,1048
Cotton,248,31,119,28,68,6.2,Peaty,1182
Soybean,209,39,65,27,36,7.5,Clay,1335
Groundnut,243,50,79,35,55,6.2,Sandy,539
Soybean,134,37,110,16,28,5.2,Sandy,808
Cotton,71,94,105,11,61,5.4,Silty,1238
Rice,139,64,75,37,29,7.2,Silty,1158
Barley,261,50,144,35,90,6.7,Clay,1257
Barley,217,93,117,34,62,4.9,Peaty,1046
Barley,130,32,36,32,70,6.6,Chalky,749
Pulses,84,25,39,36,73,6.0,Chalky,1217
Groundnut,238,29,123,22,87,8.4,Silty,366
Cotton,108,25,27,21,77,6.7,Silty,1330
Maize,133,26,137,33,61,4.5,Peaty,385
Maize,294,38,37,11,61,4.9,Sandy,811
Wheat,59,95,149,35,25,8.2,Silty,340
Barley,142,37,28,20,41,6.6,Peaty,504
Soybean,152,73,82,31,59,4.4,Peaty,1029
Millets,116,58,116,18,69,6.4,Clay,1168
Millets,241,54,56,35,63,8.9,Peaty,1472
Wheat,133,98,26,39,24,7.4,Clay,1419
Sugarcane,228,100,87,17,53,5.7,Silty,1254
Wheat,244,70,135,27,53,7.3,Chalky,894
Sugarcane,122,79,54,39,44,4.8,Peaty,786
Sugarcane,249,76,35,19,66,6.0,Clay,1468
Sugarcane,290,70,110,29,23,7.6,Loamy,885
Groundnut,162,61,140,33,69,6.1,Clay,1432
Pulses,154,37,122,13,63,4.3,Clay,893
Barley,293,73,135,36,53,4.7,Chalky,1451
Pulses,67,70,30,14,89,6.5,Peaty,572
Soybean,81,55,44,20,100,6.8,Peaty,558
Soybean,57,76,131,39,45,6.9,Loamy,1306
Sugarcane,106,66,104,26,59,4.9,Chalky,1394
Sugarcane,268,90,126,28,24,8.0,Loamy,1047
Wheat,278,34,70,33,94,4.2,Sandy,923
Cotton,201,43,115,25,61,4.3,Chalky,601
Maize,69,94,91,20,72,6.4,Peaty,403
Soybean,72,52,79,26,100,6.0,Chalky,1043
Groundnut,186,89,51,23,90,6.9,Clay,761
Cotton,300,71,117,34,55,5.9,Sandy,1000
Soybean,164,72,45,34,91,6.1,Loamy,1329
Cotton,105,80,132,29,59,8.4,Sandy,995
Sugarcane,174,65,121,20,86,6.5,Loamy,376
Cotton,264,85,60,16,26,8.8,Clay,1097
Sugarcane,219,95,141,32,69,7.7,Silty,1105
Rice,222,52,145,12,84,5.4,Loamy,1492
Rice,200,87,85,35,32,6.0,Peaty,1425
Cotton,176,84,130,37,67,6.2,Sandy,1452
Millets,220,30,149,21,58,5.7,Sandy,317
Sugarcane,138,20,150,19,52,8.3,Loamy,389
Cotton,148,96,83,21,67,6.3,Loamy,932
Pulses,179,37,66,15,39,5.0,Loamy,791
Cotton,256,45,79,25,29,8.7,Sandy,743
Wheat,106,47,85,34,81,8.3,Chalky,1371
Groundnut,157,34,110,14,55,4.6,Silty,1446
Cotton,254,54,101,25,47,5.8,Loamy,1014
Rice,156,69,82,27,51,7.8,Chalky,685
Wheat,211,66,134,29,76,4.8,Silty,1367
Cotton,127,20,80,17,44,5.1,Loamy,648
Barley,237,61,126,14,75,4.4,Sandy,820
Cotton,183,79,72,13,85,6.8,Clay,1231
Groundnut,258,75,94,12,53,5.5,Sandy,1223
Wheat,192,70,41,39,69,7.6,Silty,1329
Cotton,143,49,149,34,49,4.5,Silty,437
Maize,239,58,61,26,72,4.4,Sandy,648
Millets,280,82,95,40,24,5.5,Loamy,1407
Wheat,207,44,22,29,85,4.5,Chalky,1201
Cotton,169,23,147,17,66,4.7,Clay,791
Soybean,254,27,102,13,48,6.5,Chalky,1331
Groundnut,190,23,127,20,57,8.8,Loamy,354
Cotton,242,69,53,18,40,8.2,Clay,743
Barley,107,76,96,35,67,8.3,Silty,396
Pulses,289,82,70,20,95,5.3,Loamy,975
Maize,272,34,31,31,83,4.9,Sandy,1309
Sugarcane,214,99,49,24,25,6.6,Loamy,835
Millets,293,64,58,36,100,8.8,Silty,1005
Pulses,122,37,85,17,65,4.7,Sandy,413
Soybean,202,40,146,39,91,4.6,Chalky,1395
Maize,65,47,135,13,88,8.1,Silty,1282
Barley,61,93,135,13,82,7.7,Silty,1102
Pulses,53,29,104,12,34,6.7,Peaty,513
Cotton,247,20,118,16,69,4.1,Loamy,1240
Maize,222,49,59,28,56,7.2,Sandy,912
Wheat,178,79,128,27,92,4.4,Sandy,1039
Groundnut,178,62,141,38,67,7.8,Silty,873
Rice,241,39,125,39,59,7.1,Peaty,355
Millets,290,70,139,33,51,4.6,Peaty,1166
Sugarcane,151,53,134,32,77,7.4,Silty,1374
Rice,178,66,42,30,48,8.7,Silty,1481
Pulses,57,89,46,19,74,5.6,Sandy,689
Millets,135,82,75,19,85,6.7,Clay,1043
Millets,242,28,85,28,47,8.5,Sandy,1497
Millets,234,67,75,23,65,5.4,Clay,1281
Cotton,90,32,42,39,51,6.9,Chalky,469
Pulses,236,36,111,37,88,5.6,Loamy,1244
Wheat,206,94,46,34,76,4.8,Peaty,710
Soybean,160,31,150,12,42,8.1,Loamy,1436
Pulses,151,46,45,13,67,6.7,Peaty,1476
Cotton,66,76,134,40,88,5.9,Clay,1445
Barley,62,95,42,36,89,8.1,Peaty,1203
Rice,177,88,115,25,89,4.6,Clay,396
Millets,164,46,70,39,48,6.9,Clay,1090
Millets,66,44,41,24,73,8.6,Sandy,606
Groundnut,219,74,62,28,59,4.0,Silty,547
Barley,217,36,64,32,38,6.9,Sandy,1088
Millets,230,21,59,26,30,7.8,Silty,1352
Wheat,51,52,118,26,90,5.5,Peaty,357
Sugarcane,127,49,57,40,22,5.7,Clay,894
Pulses,150,46,108,17,35,6.0,Sandy,1077
Pulses,135,87,141,12,33,6.4,Peaty,1178
Cotton,169,20,135,13,100,8.1,Chalky,824
Pulses,281,70,118,27,93,4.7,Chalky,1276
Groundnut,102,40,27,21,30,8.0,Sandy,820
Maize,277,27,80,29,64,7.4,Sandy,318
Soybean,112,38,88,22,92,6.3,Peaty,460
Millets,110,56,108,23,100,4.4,Chalky,1402
Millets,76,39,149,13,59,4.3,Silty,1231
Rice,225,29,116,11,29,5.5,Clay,1341
Groundnut,179,86,113,30,70,6.0,Peaty,727
Pulses,146,49,97,36,35,8.1,Clay,1086
Soybean,245,57,130,29,83,6.8,Loamy,415
Sugarcane,287,100,110,19,92,8.7,Peaty,1291
Rice,224,51,134,37,60,5.1,Peaty,1061
Soybean,204,29,134,17,45,8.4,Silty,961
Wheat,228,92,109,28,81,9.0,Peaty,972
Barley,179,84,43,38,94,5.6,Chalky,1427
Wheat,153,66,64,12,21,7.9,Clay,1250
Barley,51,84,139,32,66,4.7,Loamy,1003
Maize,109,60,68,24,98,8.6,Chalky,1397
Rice,251,97,134,23,61,5.1,Peaty,896
Rice,143,45,43,32,86,5.1,Sandy,1011
Barley,150,68,147,32,32,7.0,Silty,689
Soybean,160,63,88,32,52,8.5,Clay,1142
Cotton,242,88,79,17,28,8.6,Sandy,1350
Maize,101,36,84,29,22,8.8,Sandy,886
Cotton,160,78,117,15,67,4.5,Silty,590
Groundnut,276,39,28,23,63,8.2,Chalky,376
Sugarcane,179,46,96,26,31,4.5,Chalky,1391
Rice,108,49,137,24,77,5.2,Loamy,477
Soybean,141,22,73,39,60,5.1,Loamy,1045
Soybean,112,47,72,25,35,7.0,Clay,1151
Millets,195,56,110,23,21,5.0,Silty,1115
Soybean,92,79,24,27,22,8.8,Silty,335
Cotton,211,30,108,18,96,7.0,Sandy,1081
Barley,82,51,62,27,55,8.6,Clay,692
Maize,115,35,71,35,24,4.9,Clay,1051
Barley,232,21,103,12,45,4.9,Chalky,1405
Pulses,160,27,120,22,40,8.2,Loamy,832
Barley,78,56,29,23,83,6.2,Sandy,967
Cotton,196,55,81,25,85,4.2,Peaty,1481
Wheat,58,22,148,13,68,7.1,Loamy,1080
Barley,261,20,132,13,75,5.3,Clay,1014
Soybean,300,65,115,13,95,5.8,Loamy,1430
Millets,224,37,76,31,83,4.9,Chalky,1292
Wheat,295,37,62,16,26,6.6,Loamy,1212
Sugarcane,104,97,124,21,87,6.8,Peaty,756
Pulses,264,38,113,15,42,7.3,Clay,579
Wheat,65,94,56,38,33,7.0,Chalky,485
Millets,85,56,38,22,81,8.7,Chalky,1396
Rice,261,58,21,22,69,4.4,Clay,1215
Millets,93,34,132,22,31,5.4,Sandy,1296
Sugarcane,101,69,112,24,21,6.3,Loamy,766
Cotton,142,67,102,23,88,7.2,Peaty,601
Soybean,214,45,117,17,89,6.5,Loamy,702
Millets,176,64,45,17,57,4.4,Silty,895
Maize,56,54,122,15,26,7.9,Chalky,537
Cotton,252,72,76,35,45,8.7,Silty,486
Pulses,126,27,76,25,37,7.7,Chalky,1198
Barley,270,46,100,39,59,5.0,Chalky,1162
Cotton,115,24,108,39,52,7.3,Loamy,1031
Pulses,110,87,143,25,28,7.1,Loamy,695
Rice,118,26,108,33,88,5.9,Clay,1325
Groundnut,240,51,55,29,31,4.2,Loamy,655
Maize,201,20,52,35,26,6.4,Silty,698
Barley,153,90,74,13,88,7.6,Loamy,848
Wheat,201,40,25,39,30,4.1,Sandy,1216
Pulses,62,51,137,32,30,6.5,Peaty,1340
Sugarcane,217,45,46,26,26,8.3,Sandy,833
Groundnut,101,31,46,16,77,8.9,Loamy,621
Rice,204,72,144,27,88,4.3,Clay,433
Pulses,209,26,150,22,58,5.8,Silty,361
Maize,137,98,47,23,48,7.0,Clay,1346
Maize,74,23,118,20,50,4.6,Silty,877
Groundnut,67,36,34,37,29,8.9,Clay,941
Soybean,259,84,42,20,57,6.5,Clay,1253
Wheat,160,36,35,14,28,7.3,Clay,590
Wheat,122,46,72,31,32,8.5,Peaty,739
Wheat,64,22,81,14,53,5.2,Clay,357
Maize,288,92,135,39,98,4.6,Silty,1192
Rice,107,99,106,40,54,4.1,Chalky,1355
Pulses,294,20,84,34,40,5.2,Clay,473
Millets,78,56,96,27,63,7.6,Clay,571
Barley,229,24,96,24,37,8.6,Clay,665
Rice,63,63,56,31,73,8.9,Peaty,759
Sugarcane,296,47,121,17,86,6.3,Clay,688
Rice,216,97,94,35,35,5.7,Silty,320
Pulses,190,58,89,11,66,7.3,Peaty,1117
Cotton,195,44,104,23,66,5.2,Peaty,859
Wheat,147,45,78,34,76,7.0,Silty,1380
Groundnut,247,45,26,33,23,8.2,Silty,719
Cotton,204,36,41,23,48,8.1,Peaty,922
Rice,79,98,54,28,59,4.9,Loamy,1088
Wheat,178,95,143,21,35,8.6,Peaty,574
Soybean,187,30,146,13,81,8.4,Sandy,695
Sugarcane,222,65,52,23,37,8.2,Clay,546
Barley,191,85,38,19,25,7.8,Sandy,844
Cotton,230,74,118,31,26,4.3,Loamy,1453
Barley,169,98,90,20,97,4.4,Sandy,965
Groundnut,207,91,22,17,33,4.3,Sandy,474
Sugarcane,216,34,140,28,61,7.7,Loamy,374
Sugarcane,282,90,123,39,78,4.2,Silty,727
Soybean,248,91,96,31,56,5.7,Peaty,1031
Soybean,100,91,28,15,70,5.5,Clay,951
Maize,265,93,35,13,73,4.8,Loamy,1079
Millets,154,45,71,35,22,8.2,Loamy,1486
Wheat,136,31,39,15,81,6.7,Silty,1491
Cotton,173,47,116,37,96,4.9,Chalky,386
Millets,273,30,23,37,87,7.7,Silty,838
Cotton,84,91,133,11,86,8.6,Loamy,855
Pulses,299,25,119,38,50,6.5,Peaty,850
Barley,231,74,82,37,54,6.9,Silty,636
Groundnut,87,70,68,35,84,5.8,Silty,703
Sugarcane,169,97,41,11,24,8.2,Peaty,1045
Millets,143,77,54,32,60,4.7,Clay,621
Barley,255,47,64,26,36,4.6,Clay,387
Millets,122,38,22,27,58,7.9,Sandy,343
Wheat,148,43,131,11,40,4.4,Chalky,483
Groundnut,96,66,118,15,89,7.5,Sandy,703
Maize,285,71,68,36,87,7.7,Silty,510
Rice,217,20,139,18,72,5.7,Peaty,819
Millets,196,51,137,27,70,7.3,Clay,589
Cotton,189,85,48,29,30,5.6,Loamy,644
Pulses,206,72,40,11,89,7.4,Chalky,856
Rice,140,73,73,39,96,7.0,Peaty,346
